"seq_id"	"name"	"sequence length"	"signal peptide"	"transmembrane domain"	"aa in tr domain"	"first 60 aa"	"prob N-in"	"warning signal sequence"	"MobiDB-lite"	"CAMP_PHOSPHO_SITE"	"PKC_PHOSPHO_SITE"	"CK2_PHOSPHO_SITE"	"MYRISTYL"	"AMIDATION"	"ASN_GLYCOSYLATION"	"L=0"	"LEUCINE_ZIPPER"	"MICROBODIES_CTER"	"RGD"	"TYR_PHOSPHO_SITE_1"	"TYR_PHOSPHO_SITE_2"
"tr|B3R0L2|B3R0L2_PHYMT"	"effector"	122	0.863	1	20.60132	20.60132	0.37577	1	65	2	4	4	2	1	0	0	0	0	0	0	0
"tr|C0H5W6|C0H5W6_ONYPE"	"effector"	70	0.598	1	20.07959	20.07959	0.94122	1	0	0	0	1	0	0	1	0	0	0	0	0	0
"tr|Q2NJQ2|Q2NJQ2_AYWBP"	"effector"	124	0.768	1	19.4849	19.48488	0.91233	1	0	1	1	3	0	0	2	1	0	0	0	0	0
"tr|Q2NJA6|Q2NJA6_AYWBP"	"effector"	121	0.782	1	22.06933	22.06933	0.14392	1	46	1	4	0	0	0	1	0	0	0	0	0	0
"tr|Q2NK94|Q2NK94_AYWBP"	"effector"	135	0.887	1	20.00503	19.96243	0.98784	1	0	0	1	2	0	0	1	0	0	0	0	0	1
"tr|X5IFG3|X5IFG3_ONYPH"	"effector"	125	0.744	1	20.67478	20.67469	0.84377	1	0	0	1	4	0	0	2	0	0	0	0	0	0
"tr|A0A081D4K8|A0A081D4K8_9MOLU"	"effector"	270	0.607	1	22.8573	22.8573	0.99962	1	0	0	6	6	0	0	2	0	0	0	0	1	0
"tr|A0A0A8JBX1|A0A0A8JBX1_9MOLU"	"effector"	125	0.696	1	20.43649	20.43648	0.72986	1	0	1	0	4	0	0	2	0	0	0	0	0	0
"tr|A0A0A8JBX6|A0A0A8JBX6_9MOLU"	"effector"	125	0.768	1	20.542	20.54197	0.88976	1	0	1	0	4	0	0	2	0	0	0	0	0	0
"tr|A0A0A8JBY1|A0A0A8JBY1_9MOLU"	"effector"	125	0.768	1	20.542	20.54197	0.88976	1	0	1	0	4	0	0	2	0	0	0	0	0	0
"tr|A0A0A8JCF3|A0A0A8JCF3_9MOLU"	"effector"	125	0.809	1	20.52087	20.52085	0.88064	1	0	1	0	4	0	0	2	0	0	0	0	0	0
"tr|A0A0A8JCG0|A0A0A8JCG0_9MOLU"	"effector"	125	0.696	1	20.43649	20.43648	0.72986	1	0	1	0	4	0	0	2	0	0	0	0	0	0
"tr|A0A0A8JCG5|A0A0A8JCG5_9MOLU"	"effector"	125	0.765	1	20.42717	20.42713	0.75932	1	0	1	0	4	0	0	2	0	0	0	0	0	0
"tr|A0A0A8JCY1|A0A0A8JCY1_9MOLU"	"effector"	125	0.765	1	20.5423	20.54226	0.88976	1	0	1	0	4	0	0	2	0	0	0	0	0	0
"tr|A0A0A8JCY8|A0A0A8JCY8_9MOLU"	"effector"	92	0.77	1	20.54346	20.54342	0.90395	1	0	0	0	3	0	0	2	0	0	0	0	0	0
"tr|A0A0A8JCZ4|A0A0A8JCZ4_CLOPP"	"effector"	125	0.716	1	20.6043	20.60428	0.81236	1	0	1	0	4	0	0	2	0	0	0	0	0	0
"tr|A0A0A8JD20|A0A0A8JD20_9MOLU"	"effector"	125	0.765	1	20.54231	20.54227	0.88976	1	0	1	1	4	0	0	2	0	0	0	0	0	0
"tr|A0A0A8JD26|A0A0A8JD26_9MOLU"	"effector"	125	0.744	1	20.67478	20.67469	0.84377	1	0	0	1	4	0	0	2	0	0	0	0	0	0
"tr|A0A0A8JD31|A0A0A8JD31_9MOLU"	"effector"	125	0.768	1	20.542	20.54197	0.88976	1	0	1	0	4	0	0	2	0	0	0	0	0	0
"tr|A0A0A8JD38|A0A0A8JD38_9MOLU"	"effector"	125	0.768	1	20.542	20.54197	0.88976	1	0	1	0	4	0	0	2	0	0	0	0	0	0
"tr|A0A0A8JER4|A0A0A8JER4_9MOLU"	"effector"	125	0.765	1	20.54231	20.54227	0.88976	1	0	1	1	4	0	0	2	0	0	0	0	0	0
"tr|A0A0A8JER9|A0A0A8JER9_9MOLU"	"effector"	125	0.765	1	20.5423	20.54226	0.88976	1	0	0	0	4	0	0	2	0	0	0	0	0	0
"tr|A0A0A8JES5|A0A0A8JES5_9MOLU"	"effector"	125	0.719	1	20.66943	20.6694	0.83869	1	0	1	0	4	0	0	2	0	0	0	0	0	0
"tr|A0A0L0MJR3|A0A0L0MJR3_9MOLU"	"effector"	171	0.755	1	20.85515	20.29343	0.91961	1	0	1	1	4	1	0	2	0	0	1	0	0	2
"tr|A0A0M1N0M1|A0A0M1N0M1_9MOLU"	"effector"	336	0.702	1	21.31649	21.31649	0.83804	1	0	1	6	4	1	0	3	0	0	1	1	0	0
"tr|A0A0N8IAV4|A0A0N8IAV4_9MOLU"	"effector"	178	0.586	1	18.71704	18.70794	0.60015	1	0	0	1	1	0	0	1	0	0	0	0	0	0
"tr|A0A0P7HWU6|A0A0P7HWU6_9MOLU"	"effector"	114	0.613	1	22.16124	21.90047	0.16459	1	0	0	1	0	0	0	1	0	0	1	0	0	0
"tr|A0A0P7HWW1|A0A0P7HWW1_9MOLU"	"effector"	326	0.687	1	18.39406	18.39389	0.97675	1	0	1	0	5	0	0	2	1	0	1	0	0	1
"tr|A0A0P7HX07|A0A0P7HX07_9MOLU"	"effector"	273	0.721	1	19.70518	19.69603	0.90617	1	0	0	3	4	1	0	4	0	0	0	0	0	0
"tr|A0A0P7IC12|A0A0P7IC12_9MOLU"	"effector"	55	0	1	19.94458	19.94458	0.74628	1	0	0	1	1	0	0	0	0	0	0	0	0	0
"tr|A0A0P7IR69|A0A0P7IR69_9MOLU"	"effector"	211	0.673	1	21.31967	21.31897	0.84708	1	0	1	2	2	0	0	1	1	0	0	0	1	0
"tr|A0A0P7IRI8|A0A0P7IRI8_9MOLU"	"effector"	324	0.677	1	19.16324	19.16287	0.96309	1	0	2	7	8	0	0	0	0	0	1	0	1	0
"tr|A0A0P7IRU2|A0A0P7IRU2_9MOLU"	"effector"	349	0.576	2	42.49815	21.51904	0.94771	1	0	0	2	12	0	0	7	1	0	2	0	0	1
"tr|A0A0P7J0J6|A0A0P7J0J6_9MOLU"	"effector"	213	0.687	1	22.65007	22.64968	0.99202	1	0	1	3	2	0	0	2	0	0	1	0	0	0
"tr|A0A0P7JJ94|A0A0P7JJ94_9MOLU"	"effector"	199	0.667	1	28.14755	22.53264	0.58592	1	0	0	1	6	0	0	1	1	0	0	0	0	0
"tr|A0A0P7JJA3|A0A0P7JJA3_9MOLU"	"effector"	165	0.702	1	22.80723	22.80723	0.96564	1	79	0	3	8	0	0	1	0	0	0	0	0	0
"tr|A0A0P7KC78|A0A0P7KC78_9MOLU"	"effector"	237	0.676	1	19.62658	19.62644	0.9381	1	0	1	3	4	1	0	1	1	0	1	0	0	0
"tr|A0A0P7KCA6|A0A0P7KCA6_9MOLU"	"effector"	37	0	1	20.11054	20.11054	0.9147	1	0	0	0	0	0	0	0	0	0	0	0	0	0
"tr|A0A0P7KCB3|A0A0P7KCB3_9MOLU"	"effector"	105	0.701	1	20.73281	20.73222	0.84279	1	0	1	5	2	0	0	1	0	0	0	0	0	0
"tr|A0A0P7KD01|A0A0P7KD01_9MOLU"	"effector"	116	0	0	0.00431	0.00333	0.40115	0	0	0	1	5	0	0	4	0	0	0	0	0	1
"tr|A0A0P7KHJ2|A0A0P7KHJ2_9MOLU"	"effector"	197	0.643	1	19.42588	19.41234	0.44043	1	0	1	3	0	2	0	2	0	0	0	0	0	0
"tr|A0A0P7KHJ8|A0A0P7KHJ8_9MOLU"	"effector"	170	0.673	2	42.28636	22.62596	0.9854	1	0	0	2	3	1	0	3	0	0	1	0	0	0
"tr|A0A0P7KHS1|A0A0P7KHS1_9MOLU"	"effector"	389	0.71	1	22.02106	22.02065	0.9779	1	0	2	8	2	2	0	4	0	0	2	0	0	0
"tr|A0A0U2D622|A0A0U2D622_APPPP"	"effector"	122	0.859	1	21.54111	21.54111	0.30296	1	56	2	4	4	2	1	0	0	0	0	0	0	0
"tr|A0A139JQI7|A0A139JQI7_9MOLU"	"effector"	160	0.653	1	20.7773	20.7773	0.84936	1	0	1	4	1	0	0	1	0	0	0	0	0	0
"tr|A0A139JQJ5|A0A139JQJ5_9MOLU"	"effector"	199	0.719	1	22.47376	22.47326	0.04734	1	0	0	7	1	0	0	2	0	0	0	0	0	0
"tr|A0A1S2NI67|A0A1S2NI67_9MOLU"	"effector"	199	0.859	1	21.4379	21.34257	0.83156	1	0	1	3	2	1	0	0	0	0	0	0	0	0
"tr|A0A1S2NIA6|A0A1S2NIA6_9MOLU"	"effector"	70	0.598	1	20.07959	20.07959	0.94122	1	0	0	0	1	0	0	1	0	0	0	0	0	0
"tr|A0A1S2NIN3|A0A1S2NIN3_9MOLU"	"effector"	153	0.664	1	21.13806	21.07968	0.96224	1	0	0	0	2	0	0	0	0	0	0	0	0	0
"tr|A0A1S2NIQ0|A0A1S2NIQ0_9MOLU"	"effector"	99	0.875	1	19.19138	19.19137	0.25679	1	21	1	1	1	1	0	1	0	0	0	0	0	0
"tr|A0A1S2NIY2|A0A1S2NIY2_9MOLU"	"effector"	61	0	1	21.01582	21.01582	0.4923	1	0	0	1	0	1	0	3	0	0	0	0	0	0
"tr|A0A1S2NJQ0|A0A1S2NJQ0_9MOLU"	"effector"	217	0.682	1	22.51461	22.51461	0.99888	1	0	0	1	4	0	0	1	0	0	0	0	0	0
"tr|A0A1S9LYK0|A0A1S9LYK0_9MOLU"	"effector"	137	0.872	1	23.45334	23.14639	0.95698	1	0	0	1	1	2	0	2	0	0	0	0	0	1
"tr|A0A1S9LZ16|A0A1S9LZ16_9MOLU"	"effector"	130	0.748	1	22.3804999999999	22.37936	0.81955	1	0	0	0	2	0	0	1	0	0	0	0	0	1
"tr|A0A1S9M008|A0A1S9M008_9MOLU"	"effector"	175	0.677	1	20.90797	20.90734	0.60281	1	24	1	1	3	2	0	4	0	0	0	0	0	0
"tr|A0A1S9M0W3|A0A1S9M0W3_9MOLU"	"effector"	64	0.624	1	22.79749	22.79749	0.95576	1	0	0	0	1	1	0	1	0	0	0	0	0	0
"tr|A0A1S9M1B4|A0A1S9M1B4_9MOLU"	"effector"	175	0.737	1	18.98538	18.96893	0.82679	1	0	1	3	1	0	0	0	1	0	1	0	0	1
"tr|A0A1S9M1J1|A0A1S9M1J1_9MOLU"	"effector"	117	0.654	1	19.94901	19.94769	0.16578	1	0	0	2	0	0	0	1	0	0	0	0	0	0
"tr|A0A1S9M1P0|A0A1S9M1P0_9MOLU"	"effector"	388	0.594	1	22.47915	22.47753	0.99434	1	0	0	6	2	2	1	3	0	0	1	0	0	0
"tr|A0A1S9M5M8|A0A1S9M5M8_9MOLU"	"effector"	349	0.599	2	42.83134	21.95698	0.99074	1	0	0	4	3	1	0	8	1	0	0	0	1	0
"tr|A0A1V0PKN0|A0A1V0PKN0_9MOLU"	"effector"	113	0.888	1	22.56577	22.56577	0.28617	1	20	1	8	2	0	1	1	0	0	0	0	0	0
"tr|A0A1V0PKQ3|A0A1V0PKQ3_9MOLU"	"effector"	113	0.888	1	22.56577	22.56577	0.28617	1	20	1	8	2	0	1	1	0	0	0	0	0	0
"tr|A0A1V0PKT7|A0A1V0PKT7_9MOLU"	"effector"	113	0.889	1	22.5658	22.5658	0.28616	1	22	1	8	2	0	1	1	1	0	0	0	0	0
"tr|A0A2P9JTQ0|A0A2P9JTQ0_9MOLU"	"effector"	112	0.818	1	21.54163	21.54163	0.62458	1	21	0	7	6	0	0	0	0	0	0	0	0	0
"tr|A0A2S8NSR9|A0A2S8NSR9_9MOLU"	"effector"	64	0.698	1	21.77793	21.77793	0.99764	1	0	0	1	1	0	0	0	0	0	0	0	0	0
"tr|A0A2S8NTF4|A0A2S8NTF4_9MOLU"	"effector"	158	0.736	1	20.50741	20.50734	0.16644	1	0	0	1	2	0	0	1	0	1	1	0	0	1
"tr|A0A2S8NU00|A0A2S8NU00_9MOLU"	"effector"	233	0.604	1	22.64855	22.64413	0.98909	1	0	0	0	3	0	0	2	0	0	0	0	1	0
"tr|A0A2S8NU20|A0A2S8NU20_9MOLU"	"effector"	90	0	1	21.33318	21.33318	0.61634	1	0	0	0	1	0	0	1	0	0	1	0	0	0
"tr|A0A2S8NU52|A0A2S8NU52_9MOLU"	"effector"	118	0.584	1	14.4541	14.4177	0.24068	1	0	0	0	1	1	0	1	0	0	1	0	1	0
"tr|A0A2S8NU71|A0A2S8NU71_9MOLU"	"effector"	118	0.66	1	16.52522	16.52522	0.34444	1	0	0	1	2	0	0	3	0	0	0	0	0	0
"tr|A0A2S8NUD4|A0A2S8NUD4_9MOLU"	"effector"	151	0.611	1	21.29696	21.29696	0.48821	1	0	1	3	2	1	0	3	0	0	1	0	0	0
"tr|A0A2S8NUU7|A0A2S8NUU7_9MOLU"	"effector"	135	0.795	1	19.62939	19.62779	0.32935	1	0	0	0	4	0	0	2	0	0	0	0	0	1
"tr|A0A385GMC4|A0A385GMC4_9MOLU"	"effector"	117	0.773	1	18.72539	18.72524	0.49582	1	0	0	1	2	0	0	2	0	0	0	0	0	0
"tr|A0A410HXL4|A0A410HXL4_9MOLU"	"effector"	112	0.818	1	21.54163	21.54163	0.62458	1	21	0	7	6	0	0	0	0	0	0	0	0	0
"tr|A0A421NU93|A0A421NU93_9MOLU"	"effector"	82	0.608	2	43.12908	39.31321	0.96984	1	0	0	2	0	0	0	0	0	0	0	0	0	0
"tr|A0A421NUK9|A0A421NUK9_9MOLU"	"effector"	66	0	1	20.05998	20.05998	0.96168	1	0	0	1	0	0	0	1	0	0	0	0	0	0
"tr|A0A421NUQ4|A0A421NUQ4_9MOLU"	"effector"	217	0.822	1	22.83565	22.83491	0.37254	1	24	0	2	5	0	0	2	0	0	0	0	0	0
"tr|A0A421NUV1|A0A421NUV1_9MOLU"	"effector"	107	0.641	1	21.15141	21.15141	0.27097	1	0	0	2	3	0	0	1	0	0	0	0	0	0
"tr|A0A421NV68|A0A421NV68_9MOLU"	"effector"	368	0.678	1	19.43189	19.42614	0.69472	1	0	1	5	2	0	0	4	0	0	1	0	0	1
"tr|A0A421NXL0|A0A421NXL0_9MOLU"	"effector"	297	0.69	1	25.12369	22.06482	0.75993	1	0	1	5	3	1	0	2	0	0	0	0	0	0
"tr|A0A421NYK8|A0A421NYK8_9MOLU"	"effector"	34	0.614	1	18.74889	18.74889	0.9713	1	0	0	0	0	0	0	0	0	0	0	0	0	0
"tr|A0A421NYX9|A0A421NYX9_9MOLU"	"effector"	107	0.597	1	20.19977	20.19977	0.6595	1	0	0	1	3	0	1	2	0	0	1	0	0	0
"tr|A0A4P6M9K2|A0A4P6M9K2_9MOLU"	"effector"	69	0.619	1	22.97359	22.97359	0.99429	1	0	0	1	0	0	0	1	0	0	0	0	0	0
"tr|A0A4P6MCP0|A0A4P6MCP0_9MOLU"	"effector"	168	0.706	1	20.34894	20.34679	0.99129	1	0	0	3	1	1	0	0	0	0	0	0	0	0
"tr|A0A4P6MCS9|A0A4P6MCS9_9MOLU"	"effector"	111	0	0	0.06094	0.06094	0.12228	0	0	0	2	4	0	0	4	0	0	0	0	0	0
"tr|A0A4P6MDK8|A0A4P6MDK8_9MOLU"	"effector"	70	0.598	1	20.07959	20.07959	0.94122	1	0	0	0	1	0	0	1	0	0	0	0	0	0
"tr|A0A4Y5N0H8|A0A4Y5N0H8_9MOLU"	"effector"	125	0.809	1	20.52087	20.52085	0.88064	1	0	1	0	4	0	0	2	0	0	0	0	0	0
"tr|A0A4Y5R0G3|A0A4Y5R0G3_9MOLU"	"effector"	112	0.843	1	22.72603	22.72603	0.75218	1	20	1	8	2	0	1	1	0	0	0	0	0	0
"tr|A0A531Y060|A0A531Y060_9MOLU"	"effector"	70	0.673	1	20.21485	20.21485	0.95579	1	0	0	0	1	0	0	1	0	0	0	0	0	0
"tr|A0A531Y0A6|A0A531Y0A6_9MOLU"	"effector"	96	0	0	0	0	0.49361	0	56	1	4	0	0	0	1	0	0	0	0	0	0
"tr|A0A559KJ82|A0A559KJ82_9MOLU"	"effector"	80	0.649	1	21.8884	21.8876	0.93182	1	0	0	0	1	1	0	1	1	0	0	0	0	0
"tr|A0A559KJM7|A0A559KJM7_9MOLU"	"effector"	94	0.661	1	18.52472	18.52197	0.78418	1	0	2	2	2	0	0	1	0	0	0	0	0	1
"tr|A0A5N5XS43|A0A5N5XS43_9MOLU"	"effector"	152	0.638	1	21.58893	21.58875	0.76098	1	0	0	5	3	0	0	5	0	0	0	0	0	0
"tr|A0A5N5XSH1|A0A5N5XSH1_9MOLU"	"effector"	154	0	1	21.37488	21.37488	0.75034	1	0	0	2	1	0	0	0	1	0	0	0	0	0
"tr|A0A660HM17|A0A660HM17_ZIZJU"	"effector"	122	0.843	1	20.55468	20.55468	0.65739	1	0	0	2	3	0	0	2	0	0	1	0	0	0
"tr|A0A660HMB1|A0A660HMB1_ZIZJU"	"effector"	119	0.633	1	21.14054	21.1405	0.70802	1	0	0	1	0	0	0	4	0	0	0	0	0	0
"tr|A0A660HMD2|A0A660HMD2_ZIZJU"	"effector"	146	0.762	1	20.23719	20.23641	0.85079	1	22	0	1	2	1	0	1	0	0	1	0	0	0
"tr|A0A660HME0|A0A660HME0_ZIZJU"	"effector"	119	0.693	1	21.43816	21.43816	0.93083	1	0	0	0	0	0	0	3	0	0	0	0	0	0
"tr|A0A660HMY0|A0A660HMY0_ZIZJU"	"effector"	260	0	1	22.89714	22.89642	0.99419	1	0	0	3	5	0	0	2	0	0	1	0	0	0
"tr|A0A660HN53|A0A660HN53_ZIZJU"	"effector"	75	0.64	1	21.51973	21.51973	0.99117	1	0	0	2	2	0	0	1	0	0	0	0	0	0
"tr|A0A660HND1|A0A660HND1_ZIZJU"	"effector"	222	0.677	1	21.73107	21.73028	0.99393	1	22	1	3	7	1	0	2	0	0	0	0	0	0
"tr|A0A660HNE9|A0A660HNE9_ZIZJU"	"effector"	136	0.803	1	19.61272	19.58286	0.9164	1	0	0	1	3	0	0	2	0	0	0	0	0	1
"tr|A0A6G5ZVL2|A0A6G5ZVL2_ONYPH"	"effector"	125	0.768	1	20.542	20.54197	0.88976	1	0	1	0	4	0	0	2	0	0	0	0	0	0
"tr|A0A7G1G7U3|A0A7G1G7U3_9MOLU"	"effector"	120	0.917	1	19.07725	19.07725	0.92872	1	0	1	2	4	0	0	1	0	0	0	0	0	0
"tr|A0A7G1G7U9|A0A7G1G7U9_ZIZJU"	"effector"	122	0.843	1	20.55468	20.55468	0.65739	1	0	0	2	3	0	0	2	0	0	2	0	0	0
"tr|A0A7G1G7X1|A0A7G1G7X1_9MOLU"	"effector"	122	0.843	1	20.55468	20.55468	0.65739	1	0	0	2	3	0	0	2	0	0	1	0	0	0
"tr|A0A7G1G829|A0A7G1G829_9MOLU"	"effector"	119	0.784	1	20.6566	20.6566	0.85363	1	0	0	3	4	0	0	2	0	0	0	0	0	0
"tr|A0A7G1G848|A0A7G1G848_9MOLU"	"effector"	122	0.753	1	21.35144	21.35144	0.94533	1	0	0	2	3	1	0	2	0	0	1	0	0	0
"tr|A0A7G1G925|A0A7G1G925_9MOLU"	"effector"	122	0.843	1	20.55468	20.55468	0.65739	1	0	0	2	3	0	0	2	0	0	1	0	0	0
"tr|A0A7G1GAE5|A0A7G1GAE5_CLOPP"	"effector"	123	0.775	1	19.23322	19.23322	0.4116	1	0	0	3	3	0	0	2	0	0	0	0	0	0
"tr|A0A7G1GAX5|A0A7G1GAX5_9MOLU"	"effector"	124	0.826	1	20.88895	20.88895	0.78573	1	0	1	0	1	1	0	2	0	0	1	0	0	0
"tr|A0A7G1GBC7|A0A7G1GBC7_9MOLU"	"effector"	124	0.839	1	20.90648	20.90648	0.77031	1	0	0	1	3	1	0	3	0	0	0	0	0	0
"tr|A0A7G1GC98|A0A7G1GC98_9MOLU"	"effector"	128	0.63	1	18.98539	18.98539	0.87115	1	0	1	1	0	1	0	3	0	0	0	0	0	0
"tr|A0A7G1GCA2|A0A7G1GCA2_9MOLU"	"effector"	123	0.742	1	17.79861	17.7986	0.41917	1	0	0	3	3	0	0	2	0	0	0	0	0	0
"tr|A0A7G1GCL4|A0A7G1GCL4_9MOLU"	"effector"	123	0.783	1	18.77857	18.77857	0.83395	1	0	0	0	2	0	0	1	1	0	0	0	0	0
"tr|A0A7G1GDX1|A0A7G1GDX1_9MOLU"	"effector"	119	0.787	1	20.51897	20.51897	0.86949	1	0	0	2	4	0	0	2	0	0	0	0	0	0
"tr|A0A7G3ZP74|A0A7G3ZP74_9MOLU"	"effector"	256	0.709	1	22.91094	22.91094	0.9585	1	0	1	2	4	1	0	0	1	0	0	0	1	1
"tr|A0A7G3ZP76|A0A7G3ZP76_9MOLU"	"effector"	799	0.628	2	40.8046899999999	20.75207	0.99049	1	167	1	13	17	0	0	2	1	0	1	0	0	1
"tr|A0A7G3ZPG4|A0A7G3ZPG4_9MOLU"	"effector"	235	0.679	1	19.41284	19.41284	0.97526	1	0	1	5	3	0	0	1	0	0	2	0	0	0
"tr|A0A7G3ZPZ5|A0A7G3ZPZ5_9MOLU"	"effector"	426	0	2	49.4431400000001	26.59228	0.34341	1	0	0	1	5	1	0	6	0	0	1	0	0	0
"tr|A0A7H9SKF2|A0A7H9SKF2_9MOLU"	"effector"	113	0.888	1	22.56577	22.56577	0.28617	1	20	1	8	2	0	1	1	0	0	0	0	0	0
"tr|A0A7H9SLX7|A0A7H9SLX7_9MOLU"	"effector"	113	0.888	1	22.56577	22.56577	0.28617	1	20	1	8	2	0	1	1	0	0	0	0	0	0
"tr|A0A7H9SP62|A0A7H9SP62_9MOLU"	"effector"	113	0.888	1	22.56577	22.56577	0.28617	1	20	1	8	2	0	1	1	0	0	0	0	0	0
"tr|A0A7M3UQ86|A0A7M3UQ86_9MOLU"	"effector"	112	0.886	1	22.14889	22.14889	0.85374	1	20	1	8	2	0	1	1	0	0	0	0	0	0
"tr|A0A7M3UQ89|A0A7M3UQ89_9MOLU"	"effector"	112	0.886	1	22.14889	22.14889	0.85374	1	20	1	8	2	0	1	1	0	0	0	0	0	0
"tr|A0A7M3UQ91|A0A7M3UQ91_9MOLU"	"effector"	112	0.886	1	22.14889	22.14889	0.85374	1	20	1	8	2	0	1	1	0	0	0	0	0	0
"tr|A0A7M3UQ93|A0A7M3UQ93_9MOLU"	"effector"	112	0.886	1	22.14889	22.14889	0.85374	1	20	1	8	2	0	1	1	0	0	0	0	0	0
"tr|A0A7S7FZG1|A0A7S7FZG1_9MOLU"	"effector"	201	0.655	0	1.49774	1.49774	0.0721	0	0	0	2	2	0	0	2	0	0	1	0	0	0
"tr|A0A7S7G0D6|A0A7S7G0D6_9MOLU"	"effector"	143	0	0	0.00091	0.00073	0.0062	0	0	0	0	1	0	0	0	0	0	1	0	0	0
"tr|A0A7S7JLN4|A0A7S7JLN4_9MOLU"	"effector"	140	0.652	1	19.36368	19.36295	0.28564	1	0	0	3	3	0	0	0	0	0	0	0	0	0
"tr|A0A7S7JMK6|A0A7S7JMK6_9MOLU"	"effector"	126	0.73	1	18.26934	18.25218	0.58188	1	0	0	2	1	0	0	1	0	0	0	0	0	0
"tr|A0A847N7E6|A0A847N7E6_9MOLU"	"effector"	117	0.828	1	22.40261	22.40208	0.84093	1	0	0	1	1	2	0	0	0	0	0	0	0	0
"tr|A0A851HGI9|A0A851HGI9_9MOLU"	"effector"	246	0.673	1	22.33676	22.33248	0.58738	1	22	0	5	6	0	0	4	0	0	0	0	0	1
"tr|A0A851HH11|A0A851HH11_9MOLU"	"effector"	531	0.672	1	22.44922	22.44057	0.87904	1	0	2	13	11	1	0	4	0	0	1	0	0	1
"tr|A0A851HJ54|A0A851HJ54_9MOLU"	"effector"	237	0.771	1	22.70441	22.70304	0.95309	1	0	0	2	1	1	0	1	0	0	0	0	0	1
"tr|A0A851HJH2|A0A851HJH2_9MOLU"	"effector"	167	0.609	1	20.51589	20.44329	0.97583	1	0	0	1	1	0	0	0	0	0	0	0	0	0
"tr|A0A859I8H3|A0A859I8H3_9MOLU"	"effector"	52	0	1	21.68091	21.68091	0.52037	1	0	0	1	0	0	0	0	0	0	0	0	0	0
"tr|A0A859I8J5|A0A859I8J5_9MOLU"	"effector"	308	0	1	21.36612	21.36027	0.87519	1	0	0	4	2	5	0	4	0	0	0	0	1	0
"tr|A0A859I8S9|A0A859I8S9_9MOLU"	"effector"	64	0	1	20.98872	20.98872	0.33709	1	0	0	0	0	1	0	0	0	0	0	0	0	0
"tr|A0A859I934|A0A859I934_9MOLU"	"effector"	43	0	1	20.65439	20.65439	0.55388	1	0	0	0	0	0	0	0	0	0	0	0	0	0
"tr|A0A859I9N9|A0A859I9N9_9MOLU"	"effector"	263	0	0	0	0	0.04032	0	70	0	2	3	0	0	3	0	1	2	0	0	0
"tr|A0A859I9R2|A0A859I9R2_9MOLU"	"effector"	264	0.657	1	20.1149	20.1147	0.60539	1	0	2	4	7	2	0	1	0	1	0	0	0	0
"tr|A0A859IA88|A0A859IA88_9MOLU"	"effector"	128	0.7	1	20.36229	20.35441	0.97203	1	0	0	2	1	1	0	0	0	0	0	0	0	0
"tr|A0A859IAA8|A0A859IAA8_9MOLU"	"effector"	308	0	1	21.31061	21.30394	0.86566	1	0	0	4	2	5	0	4	0	0	0	0	1	0
"tr|A0A859IAP2|A0A859IAP2_9MOLU"	"effector"	217	0.682	1	22.51461	22.51461	0.99888	1	0	0	2	4	0	0	1	0	0	0	0	0	0
"tr|A0A859IAT0|A0A859IAT0_9MOLU"	"effector"	67	0.649	1	20.85302	20.85302	0.72388	1	0	1	0	1	0	0	0	0	0	0	0	0	0
"tr|A0A859IBV7|A0A859IBV7_9MOLU"	"effector"	70	0.598	1	20.07959	20.07959	0.94122	1	0	0	0	1	0	0	1	0	0	0	0	0	0
"tr|A0A895HT12|A0A895HT12_9MOLU"	"effector"	113	0.888	1	22.56577	22.56577	0.28617	1	20	1	8	2	0	1	1	0	0	0	0	0	0
"tr|A0A8F8TVA6|A0A8F8TVA6_9MOLU"	"effector"	63	0.604	1	22.23059	22.23059	0.08584	1	0	0	0	1	0	0	2	0	0	0	0	0	0
"tr|A0A8F8TWI3|A0A8F8TWI3_9MOLU"	"effector"	55	0.637	1	20.73128	20.73128	0.42857	1	0	0	2	2	0	0	1	0	0	0	0	0	0
"tr|A0A8F8TWR3|A0A8F8TWR3_9MOLU"	"effector"	70	0.598	1	20.07959	20.07959	0.94122	1	0	0	0	1	0	0	1	0	0	0	0	0	0
"tr|A0A8F8TWS8|A0A8F8TWS8_9MOLU"	"effector"	124	0.682	1	23.35576	20.48396	0.04834	1	0	0	2	0	1	0	1	0	0	0	0	0	0
"tr|A0A8F8TX17|A0A8F8TX17_9MOLU"	"effector"	68	0.645	1	19.09911	19.09911	0.33935	1	0	1	0	0	0	0	0	0	0	0	0	0	0
"tr|A0A8F8TX26|A0A8F8TX26_9MOLU"	"effector"	112	0.58	1	21.17578	21.17578	0.36827	1	0	0	1	3	1	0	1	0	0	0	0	0	1
"tr|A0A8F8TX93|A0A8F8TX93_9MOLU"	"effector"	312	0.644	1	20.86179	20.85945	0.98639	1	0	1	2	4	2	0	3	0	0	0	0	0	0
"tr|A0A8F8TXB9|A0A8F8TXB9_9MOLU"	"effector"	217	0.671	1	22.51112	22.51112	0.99888	1	0	0	3	4	0	0	1	0	0	0	0	0	0
"tr|A0A8F8XTC0|A0A8F8XTC0_9MOLU"	"effector"	77	0	1	20.03851	20.03851	0.65725	1	38	0	2	2	1	0	3	0	0	0	0	0	0
"tr|B1V963|B1V963_PHYAS"	"effector"	76	0.617	1	22.79073	22.79073	0.97192	1	28	0	0	2	0	0	1	0	0	0	0	0	0
"tr|B1V9P6|B1V9P6_PHYAS"	"effector"	89	0.651	1	22.42389	22.42389	0.87936	1	0	0	1	0	1	0	0	0	0	0	0	0	0
"tr|B1V9V5|B1V9V5_PHYAS"	"effector"	89	0.651	1	22.49101	22.49101	0.86743	1	0	0	1	0	1	0	0	0	0	0	0	0	0
"tr|B1VAK2|B1VAK2_PHYAS"	"effector"	119	0	1	20.43425	20.43425	0.00786	1	0	0	2	3	0	0	1	0	0	0	0	0	0
"tr|B1VAK9|B1VAK9_PHYAS"	"effector"	277	0.585	1	20.40842	20.40842	0.38747	1	49	1	4	6	1	0	0	0	0	0	0	0	1
"tr|B1VB45|B1VB45_PHYAS"	"effector"	304	0.75	1	22.25804	22.25773	0.99223	1	39	2	6	5	2	0	3	0	0	0	0	1	0
"tr|B3QZJ3|B3QZJ3_PHYMT"	"effector"	258	0.667	1	20.45879	20.4327	0.96108	1	0	0	3	7	1	0	4	0	0	4	0	0	1
"tr|B3QZX7|B3QZX7_PHYMT"	"effector"	159	0.571	1	19.92374	19.90779	0.98622	1	0	0	1	0	0	0	0	2	0	0	0	1	0
"tr|B3R0Q6|B3R0Q6_PHYMT"	"effector"	212	0	1	22.46552	22.46552	0.99044	1	0	1	4	4	0	0	0	0	0	2	0	0	0
"tr|F8UVK4|F8UVK4_9MOLU"	"effector"	70	0.634	1	20.32369	20.32369	0.92676	1	0	0	0	1	0	0	1	0	0	0	0	0	0
"tr|Q2NIE0|Q2NIE0_AYWBP"	"effector"	123	0.685	1	22.5891	22.58847	0.99765	1	0	0	2	1	1	0	0	0	0	0	0	0	0
"tr|Q2NIE2|Q2NIE2_AYWBP"	"effector"	50	0.635	1	22.92717	22.92717	0.85223	1	0	0	1	0	1	0	0	0	0	0	0	0	0
"tr|Q2NIR4|Q2NIR4_AYWBP"	"effector"	311	0.721	1	21.07811	21.07741	0.96461	1	0	1	4	4	1	0	3	0	0	0	0	0	0
"tr|Q2NJC5|Q2NJC5_AYWBP"	"effector"	56	0.679	1	22.01683	22.01683	0.92546	1	22	0	1	0	1	0	0	0	0	1	0	0	0
"tr|Q2NJD4|Q2NJD4_AYWBP"	"effector"	69	0.582	1	21.36209	21.36209	0.99121	1	0	1	0	1	0	0	0	0	0	0	0	0	0
"tr|Q2NJQ1|Q2NJQ1_AYWBP"	"effector"	230	0.585	1	21.30228	21.30191	0.99382	1	0	2	1	4	0	0	2	0	0	0	0	0	0
"tr|Q2NJT7|Q2NJT7_AYWBP"	"effector"	264	0.624	1	22.44066	22.44066	0.97865	1	0	0	4	6	0	0	1	0	0	0	0	1	0
"tr|Q2NJT8|Q2NJT8_AYWBP"	"effector"	286	0	1	21.31144	21.2968	0.84359	1	0	0	3	2	3	0	3	0	0	0	0	1	0
"tr|Q2NK71|Q2NK71_AYWBP"	"effector"	210	0.664	1	19.83952	19.83952	0.99816	1	0	0	2	5	0	0	1	0	0	0	0	0	0
"tr|Q6YPL8|Q6YPL8_ONYPE"	"effector"	215	0.682	1	22.51397	22.51397	0.99853	1	0	0	2	4	0	0	1	0	0	0	0	0	0
"tr|Q6YQ36|Q6YQ36_ONYPE"	"effector"	243	0.674	1	22.76593	22.76555	0.99694	1	21	3	1	7	0	0	1	0	0	0	0	0	0
"tr|Q6YQ58|Q6YQ58_ONYPE"	"effector"	244	0.64	1	20.32851	20.3217	0.99305	1	0	1	1	5	1	0	1	0	0	0	0	0	0
"tr|Q6YQF4|Q6YQF4_ONYPE"	"effector"	270	0.607	1	22.8573	22.8573	0.99962	1	0	0	6	6	0	0	2	0	0	0	0	1	0
"tr|Q6YQM6|Q6YQM6_ONYPE"	"effector"	241	0.663	1	20.65558	20.65533	0.98618	1	0	0	3	6	1	0	1	0	0	0	0	1	0
"tr|Q6YR59|Q6YR59_ONYPE"	"effector"	316	0.624	1	22.76375	22.76229	0.94089	1	0	1	2	4	2	0	3	0	0	0	0	0	0
"tr|Q8KY65|Q8KY65_PEWBP"	"effector"	197	0.643	1	19.42588	19.41234	0.44043	1	0	1	3	0	2	0	2	0	0	0	0	0	0
"tr|R4RQ50|R4RQ50_PHYAS"	"effector"	276	0.678	1	21.8664	21.8664	0.27067	1	0	1	2	9	1	0	2	0	0	0	0	0	0
"sp|B1V9I5|RSMA_PHYAS"	"non_effector"	284	0	0	4.78286999999999	0.00091	0.33414	0	0	1	4	1	0	0	0	0	0	2	0	0	0
"sp|B1V9R1|RSGA_PHYAS"	"non_effector"	310	0	0	0.65899	0.19791	0.05892	0	0	0	2	2	0	0	0	0	0	0	0	0	0
"sp|B3R0A1|RSGA_PHYMT"	"non_effector"	304	0	0	0.14385	0.00171	0.04133	0	0	1	7	3	0	0	0	0	0	1	0	0	0
"sp|P60397|RSMH_ONYPE"	"non_effector"	304	0	0	0.00704	0.00098	0.06054	0	0	0	5	1	0	0	2	0	0	0	0	0	0
"sp|Q2NIH4|RSMH_AYWBP"	"non_effector"	303	0	0	0.01247	0.00098	0.0611	0	0	0	6	2	0	0	1	0	0	0	0	0	0
"sp|Q2NIH8|RSMA_AYWBP"	"non_effector"	268	0	0	0.51016	0.00096	0.28393	0	0	1	6	1	0	0	0	0	0	1	0	0	0
"sp|Q2NIT9|RSGA_AYWBP"	"non_effector"	306	0	0	0.05557	0.02203	0.01036	0	0	0	4	3	0	0	0	0	0	0	0	0	0
"sp|B1V8Z1|RS4_PHYAS"	"non_effector"	198	0	0	0.00775	0	0.32759	0	0	0	6	1	0	0	1	0	0	0	0	0	0
"sp|B1V910|RSMH_PHYAS"	"non_effector"	303	0	0	0.00978	0.00942	0.03388	0	0	0	4	1	0	0	0	0	0	1	0	0	0
"sp|B1V955|RS6_PHYAS"	"non_effector"	93	0	0	0.00065	5E-05	0.40741	0	0	0	1	1	0	0	0	0	0	0	0	0	0
"sp|B1VA80|RS2_PHYAS"	"non_effector"	260	0	0	0.03735	0	0.05359	0	21	0	8	0	0	0	0	0	0	0	0	0	0
"sp|B1VAC0|RL17_PHYAS"	"non_effector"	118	0	0	0.00127	0.00127	0.18442	0	0	0	1	0	0	0	1	0	0	0	1	0	0
"sp|B1VAC2|RS11_PHYAS"	"non_effector"	128	0.602	0	0.12232	0.12055	0.9101	0	0	0	4	1	0	0	0	0	0	0	0	0	0
"sp|B1VAC9|RL15_PHYAS"	"non_effector"	145	0	0	0.00125	0	0.1588	0	50	0	8	0	0	0	0	0	0	0	0	0	0
"sp|B1VAD1|RS5_PHYAS"	"non_effector"	171	0	0	0.33642	0.00043	0.37914	0	0	0	2	1	0	0	0	0	0	0	0	0	0
"sp|B1VAD2|RL18_PHYAS"	"non_effector"	117	0.601	0	0.10597	0.00969	0.2277	0	0	0	1	0	0	0	0	0	0	0	0	0	0
"sp|B1VAD4|RS8_PHYAS"	"non_effector"	130	0	0	0.04319	0.004	0.16909	0	0	0	3	0	0	0	0	0	0	0	0	0	0
"sp|B1VAD5|RS14_PHYAS"	"non_effector"	89	0	0	0	0	0.73564	0	0	0	1	0	0	0	0	0	0	0	0	0	0
"sp|B1VAD7|RL24_PHYAS"	"non_effector"	115	0	0	0	0	0.36756	0	20	0	1	0	0	1	0	0	0	1	0	0	0
"sp|B1VAD8|RL14_PHYAS"	"non_effector"	120	0	0	0.03515	0.02643	0.34854	0	0	1	2	0	0	0	0	0	0	0	0	0	0
"sp|B1VAD9|RS17_PHYAS"	"non_effector"	95	0	0	0.00016	0.00016	0.72997	0	0	1	4	0	0	0	0	0	0	0	0	0	0
"sp|B1VAE1|RL16_PHYAS"	"non_effector"	140	0	0	0.01958	0.0091	0.51042	0	0	0	7	0	0	0	0	0	0	1	0	0	0
"sp|B1VAE2|RS3_PHYAS"	"non_effector"	250	0	0	0.03525	0	0.04936	0	0	1	6	2	0	0	1	0	0	0	0	0	0
"sp|B1VAE4|RS19_PHYAS"	"non_effector"	93	0	0	0.06793	0.06322	0.41686	0	0	0	3	0	0	0	0	0	0	0	0	0	0
"sp|B1VAE5|RL2_PHYAS"	"non_effector"	276	0	0	0.00539	0.0007	0.37164	0	56	1	0	0	0	0	0	0	0	0	0	0	0
"sp|B1VAE6|RL23_PHYAS"	"non_effector"	94	0	0	0.0033	0.00091	0.31377	0	0	0	2	0	0	0	1	0	0	0	0	0	0
"sp|B1VAE7|RL4_PHYAS"	"non_effector"	207	0	0	0.02151	0	0.11426	0	22	0	8	0	0	0	1	0	0	0	0	0	0
"sp|B1VAE8|RL3_PHYAS"	"non_effector"	221	0	0	0.01371	0.01052	0.06919	0	35	1	3	0	0	1	1	0	0	0	0	0	0
"sp|B1VAE9|RS10_PHYAS"	"non_effector"	105	0	0	0.00381	0	0.69868	0	0	0	2	0	0	0	0	0	0	0	0	0	0
"sp|B1VAF5|RL21_PHYAS"	"non_effector"	102	0	0	0	0	0.26286	0	0	0	0	0	0	0	0	0	0	1	0	0	0
"sp|B1VAG0|RS20_PHYAS"	"non_effector"	88	0	0	0.00098	0.00098	0.85913	0	20	0	2	0	0	0	3	0	0	0	0	0	0
"sp|B1VAK6|RSMG_PHYAS"	"non_effector"	208	0	0	0.01096	0.00475	0.04775	0	0	0	2	0	0	1	0	0	0	0	0	0	0
"sp|B1VAM3|RS7_PHYAS"	"non_effector"	156	0	0	0.00018	0.00018	0.6412	0	0	0	5	0	0	0	0	0	0	0	0	0	0
"sp|B1VAM4|RS12_PHYAS"	"non_effector"	139	0	0	0.00329	0.00098	0.28925	0	0	0	3	1	0	0	1	0	0	0	0	0	0
"sp|B1VAM7|RL7_PHYAS"	"non_effector"	124	0	0	0.0004	0	0.11901	0	0	0	0	1	0	0	0	0	0	0	0	0	0
"sp|B1VAM8|RL10_PHYAS"	"non_effector"	166	0	0	0.33056	0.0027	0.21369	0	0	0	1	1	0	0	0	0	0	0	0	0	0
"sp|B1VAM9|RL1_PHYAS"	"non_effector"	229	0	0	0.04837	0.00016	0.24915	0	0	0	4	1	0	0	0	0	0	0	0	0	0
"sp|B1VAN0|RL11_PHYAS"	"non_effector"	141	0	0	0.03356	0.01692	0.55865	0	0	0	2	0	0	0	0	0	0	0	0	0	0
"sp|B3QZG6|RL11_PHYMT"	"non_effector"	141	0	0	0.04113	0.02153	0.63441	0	0	0	4	0	0	0	0	0	0	0	0	0	0
"sp|B3QZG8|RL10_PHYMT"	"non_effector"	162	0	0	11.50818	0.24647	0.18104	0	0	0	2	0	0	0	0	0	0	0	0	0	0
"sp|B3QZG9|RL7_PHYMT"	"non_effector"	127	0	0	0.00017	0	0.35717	0	0	0	4	1	0	0	0	0	0	0	0	0	0
"sp|B3QZH2|RS12_PHYMT"	"non_effector"	137	0	0	0.00489	0	0.31414	0	0	1	2	1	0	0	0	0	0	0	0	0	0
"sp|B3QZH3|RS7_PHYMT"	"non_effector"	156	0	0	0.00027	0.00027	0.64568	0	0	2	1	0	0	0	1	0	0	0	0	0	0
"sp|B3QZT4|RL21_PHYMT"	"non_effector"	102	0	0	0.00212	0.00201	0.29621	0	0	0	1	0	0	0	0	0	0	1	0	0	0
"sp|B3QZW0|RS4_PHYMT"	"non_effector"	199	0	0	0.00908	0	0.28161	0	0	0	5	2	0	0	0	0	0	0	0	0	0
"sp|B3QZZ1|RL3_PHYMT"	"non_effector"	219	0	0	0.00103	0.00103	0.08482	0	31	0	6	1	0	1	0	0	0	0	0	0	0
"sp|B3QZZ2|RL4_PHYMT"	"non_effector"	207	0	0	0.11587	0.00017	0.18635	0	22	0	7	1	0	0	1	0	0	0	0	0	0
"sp|B3QZZ5|RS19_PHYMT"	"non_effector"	93	0	0	0.00354	0.00316	0.39303	0	21	0	3	0	0	0	0	0	0	1	0	0	0
"sp|B3QZZ6|RL22_PHYMT"	"non_effector"	131	0	0	0.01123	0.01117	0.41796	0	0	1	1	0	0	0	0	0	0	1	0	0	0
"sp|B3QZZ7|RS3_PHYMT"	"non_effector"	245	0	0	0.00426	0	0.04589	0	0	1	5	0	0	0	1	0	0	0	0	0	0
"sp|B3QZZ8|RL16_PHYMT"	"non_effector"	140	0	0	0.0111	0.00403	0.54513	0	0	0	6	0	0	0	1	0	0	1	0	0	0
"sp|B3R000|RS17_PHYMT"	"non_effector"	89	0	0	0.00183	0.00183	0.56493	0	0	0	5	0	0	0	0	0	0	0	0	0	0
"sp|B3R001|RL14_PHYMT"	"non_effector"	122	0	0	17.05916	16.976	0.76569	1	0	1	1	0	0	0	0	0	0	1	0	0	0
"sp|B3R002|RL24_PHYMT"	"non_effector"	115	0	0	0.0006	0	0.238	0	0	0	2	0	0	0	0	0	0	0	0	0	0
"sp|B3R005|RS8_PHYMT"	"non_effector"	130	0	0	0.06388	0.00235	0.30901	0	0	1	2	0	0	0	0	0	0	0	0	0	0
"sp|B3R006|RL6_PHYMT"	"non_effector"	181	0	0	0.00173	0.00056	0.35003	0	0	0	4	0	0	0	0	0	0	0	0	0	0
"sp|B3R007|RL18_PHYMT"	"non_effector"	117	0	0	0.00849	0	0.28961	0	0	1	2	0	0	0	2	0	0	0	0	0	0
"sp|B3R010|RL15_PHYMT"	"non_effector"	146	0	0	0.00182	0	0.08269	0	46	1	5	0	0	0	1	0	0	0	0	0	0
"sp|B3R015|RS13_PHYMT"	"non_effector"	127	0	0	0.01728	0.01728	0.17921	0	0	0	2	0	0	0	0	0	0	0	0	0	0
"sp|B3R016|RS11_PHYMT"	"non_effector"	130	0.627	0	0.703519999999999	0.70059	0.68577	0	0	0	3	1	0	0	0	0	0	0	0	0	0
"sp|B3R018|RL17_PHYMT"	"non_effector"	118	0	0	0.0008	0	0.62543	0	0	0	1	0	0	0	0	0	0	0	1	0	0
"sp|B3R0F6|RS20_PHYMT"	"non_effector"	87	0	0	0	0	0.78558	0	21	0	4	0	0	0	3	0	0	0	0	0	0
"sp|B3R0G4|RL31_PHYMT"	"non_effector"	69	0	0	0.00102	0.00102	0.59047	0	0	0	0	0	0	0	0	0	0	0	0	0	0
"sp|B3R0K3|RS6_PHYMT"	"non_effector"	94	0	0	0.02126	0.00562	0.38297	0	0	0	0	0	0	0	0	0	0	0	0	0	0
"sp|B3R0Q2|RSMH_PHYMT"	"non_effector"	300	0	0	0.06425	0.01747	0.01095	0	0	0	5	1	0	0	1	0	0	0	0	0	0
"sp|O66093|RS19_PHYS1"	"non_effector"	28	0	0	0	0	0.43449	0	28	0	1	0	0	0	0	0	0	0	0	0	0
"sp|O66094|RL22_PHYS1"	"non_effector"	131	0	0	0.67218	0.6497	0.55038	0	0	1	1	0	0	0	0	0	0	0	0	0	0
"sp|O66095|RS3_PHYS1"	"non_effector"	251	0	0	0.15543	0.00018	0.04763	0	0	0	7	2	0	0	1	0	0	0	0	0	0
"sp|O66097|RL22_PHYS2"	"non_effector"	129	0	0	0.31941	0.31321	0.51762	0	0	1	2	1	0	0	0	0	0	0	0	0	0
"sp|O66098|RS3_PHYS2"	"non_effector"	252	0	0	0.03468	0.00018	0.06116	0	31	0	5	2	0	0	0	0	0	0	0	0	0
"sp|P0A4C1|RS3_ELMPH"	"non_effector"	250	0	0	0.06275	0	0.04226	0	0	0	3	2	0	0	0	0	0	0	0	0	0
"sp|P60743|RL24_ONYPE"	"non_effector"	79	0	0	0.00023	0.00023	0.16952	0	29	0	2	0	0	0	1	0	0	0	0	0	0
"sp|P61067|RL4_ONYPE"	"non_effector"	207	0	0	0.0208	0	0.1126	0	22	0	7	0	0	0	1	0	0	0	0	0	0
"sp|P62439|RL11_ONYPE"	"non_effector"	141	0	0	0.02966	0.01633	0.65272	0	0	0	4	0	0	0	0	0	0	0	0	0	0
"sp|Q2NIG6|RL20_AYWBP"	"non_effector"	227	0	0	9.51792999999999	0.50768	0.55409	0	0	0	2	0	0	0	1	0	0	0	0	0	0
"sp|Q2NIJ3|RS20_AYWBP"	"non_effector"	86	0	0	0.00095	0.00095	0.86429	0	20	0	4	0	0	0	3	0	0	0	0	0	0
"sp|Q2NIJ7|RL21_AYWBP"	"non_effector"	102	0	0	0.00803	0.008	0.24904	0	0	0	0	0	0	0	0	0	0	1	0	0	0
"sp|Q2NIM2|RL31_AYWBP"	"non_effector"	90	0	0	0.00385	0.00385	0.37212	0	20	0	1	0	0	0	0	0	0	0	0	0	0
"sp|Q2NIP1|RS15_AYWBP"	"non_effector"	74	0	0	0	0	0.5885	0	0	0	2	0	0	0	0	0	0	0	0	0	0
"sp|Q2NIV4|RL3_AYWBP"	"non_effector"	221	0	0	0.02088	0.00549	0.07245	0	34	1	4	0	0	1	0	0	0	0	0	0	0
"sp|Q2NIV6|RL23_AYWBP"	"non_effector"	96	0	0	0.00129	0.00123	0.54691	0	0	0	2	0	0	0	0	0	0	0	0	0	0
"sp|Q2NIV7|RL2_AYWBP"	"non_effector"	276	0	0	0.00626	0.00018	0.481	0	56	1	3	0	0	0	0	0	0	0	0	0	0
"sp|Q2NIW3|RS17_AYWBP"	"non_effector"	87	0	0	0	0	0.60239	0	0	0	3	0	0	0	0	0	0	0	0	0	0
"sp|Q2NIW4|RL14_AYWBP"	"non_effector"	120	0	0	0.01002	0.0085	0.27637	0	0	1	5	0	0	0	0	0	0	0	0	0	0
"sp|Q2NIW5|RL24_AYWBP"	"non_effector"	115	0	0	0.00018	0.00018	0.38559	0	0	0	5	0	0	0	1	0	0	0	0	0	0
"sp|Q2NIW6|RL5_AYWBP"	"non_effector"	181	0	0	0.00338	0.00298	0.2288	0	0	0	4	0	0	0	0	0	0	0	0	0	0
"sp|Q2NIW7|RS14_AYWBP"	"non_effector"	89	0	0	0.00018	1E-05	0.72121	0	0	0	0	0	0	0	0	0	0	0	0	0	0
"sp|Q2NIW8|RS8_AYWBP"	"non_effector"	130	0	0	0.03851	0.01849	0.17056	0	0	0	3	0	0	0	0	0	0	0	0	0	0
"sp|Q2NIW9|RL6_AYWBP"	"non_effector"	184	0	0	0.01634	0	0.33572	0	0	0	5	0	0	0	0	0	0	0	0	0	0
"sp|Q2NIX0|RL18_AYWBP"	"non_effector"	117	0.616	0	0.00232	1E-05	0.3286	0	0	0	1	0	0	0	0	0	0	0	0	0	0
"sp|Q2NIX1|RS5_AYWBP"	"non_effector"	185	0	0	0.02454	0.00042	0.09303	0	0	0	2	2	0	0	0	0	0	0	0	0	0
"sp|Q2NIX2|RL30_AYWBP"	"non_effector"	65	0	0	0.01043	0.01033	0.56862	0	0	0	0	0	0	0	0	0	0	0	0	0	0
"sp|Q2NIX3|RL15_AYWBP"	"non_effector"	145	0	0	0.00078	0	0.19202	0	50	0	9	0	0	0	0	0	0	0	0	0	0
"sp|Q2NIX9|RS13_AYWBP"	"non_effector"	126	0	0	0.33382	0.33382	0.20977	0	33	0	3	0	0	0	1	0	0	0	0	0	0
"sp|Q2NIY2|RL17_AYWBP"	"non_effector"	118	0	0	0.00018	0.00018	0.18167	0	0	1	3	0	0	0	2	0	0	0	1	0	0
"sp|Q2NJ12|RL1_AYWBP"	"non_effector"	230	0	0	0.04489	0.00027	0.24067	0	0	0	3	0	0	1	0	0	0	0	0	0	0
"sp|Q2NJ17|RS12_AYWBP"	"non_effector"	139	0	0	0.00381	0	0.33072	0	21	0	3	1	0	0	1	0	0	0	0	0	0
"sp|Q2NJ18|RS7_AYWBP"	"non_effector"	156	0	0	0	0	0.6412	0	0	0	5	1	0	0	0	0	0	0	0	0	0
"sp|Q2NJ22|RSMG_AYWBP"	"non_effector"	212	0	0	0.02204	0.00151	0.04424	0	0	0	4	1	0	0	1	0	0	0	0	0	0
"sp|Q2NJG8|RL19_AYWBP"	"non_effector"	118	0	0	0.01923	0.00019	0.22822	0	0	0	2	0	0	0	0	0	0	0	0	0	0
"sp|Q2NJN5|RS4_AYWBP"	"non_effector"	198	0	0	0.00515	0	0.17843	0	0	0	4	0	0	0	0	0	0	0	0	0	0
"sp|Q2NK14|RS21_AYWBP"	"non_effector"	57	0	0	0	0	0.83438	0	24	0	2	1	0	0	0	0	0	0	0	0	0
"sp|Q2NKC0|RL9_AYWBP"	"non_effector"	849	0.659	2	42.8495400000003	19.49047	0.01767	1	0	2	11	6	0	1	1	0	0	0	0	0	0
"sp|Q2NKC1|RS18_AYWBP"	"non_effector"	79	0.613	0	0.00057	4E-05	0.66273	0	0	1	4	1	0	0	0	0	0	1	0	0	0
"sp|Q2NKC3|RS6_AYWBP"	"non_effector"	95	0	0	0.00089	1E-05	0.40699	0	0	0	0	0	0	0	0	0	0	0	0	0	0
"sp|Q44592|RS19_ASHYP"	"non_effector"	13	0	0	0	0	0.6907	0	0	0	0	0	0	0	0	0	0	0	0	0	0
"sp|Q44593|RL22_ASHYP"	"non_effector"	91	0	0	0.00625	0.0059	0.68332	0	0	0	0	0	0	1	0	0	0	0	0	0	0
"sp|Q46228|RS19_CLOPP"	"non_effector"	14	0	0	0	0	0.81407	0	0	0	0	0	0	0	0	0	0	0	0	0	0
"sp|Q46229|RL22_CLOPP"	"non_effector"	79	0	0	0.01665	0.01588	0.54054	0	0	0	0	0	0	0	0	0	0	0	0	0	0
"sp|Q46491|RL22_CLYEP"	"non_effector"	91	0	0	0.01198	0.01171	0.60274	0	0	0	2	1	0	0	1	0	0	0	0	0	0
"sp|Q47881|RS19_ELYEP"	"non_effector"	12	0	0	0	0	0.72757	0	0	0	1	0	0	0	0	0	0	0	0	0	0
"sp|Q48879|RL22_LOWBP"	"non_effector"	91	0	0	0.00338	0.00336	0.5189	0	0	0	2	0	0	0	0	0	0	0	0	0	0
"sp|Q52093|RS19_PPWBP"	"non_effector"	14	0	0	0	0	0.72573	0	0	0	1	0	0	0	0	0	0	0	0	0	0
"sp|Q52094|RL22_PPWBP"	"non_effector"	91	0	0	0.04499	0.04394	0.65177	0	0	0	1	0	0	0	1	0	0	0	0	0	0
"sp|Q56251|RS19_TOBBP"	"non_effector"	12	0	0	0	0	0.93779	0	0	0	0	0	0	0	0	0	0	0	0	0	0
"sp|Q6YPI5|RL20_ONYPE"	"non_effector"	207	0	1	17.68364	0.80173	0.86688	0	45	0	1	0	0	0	0	0	0	0	0	0	0
"sp|Q6YQW5|RL10_ONYPE"	"non_effector"	169	0	0	11.11151	0.24892	0.19901	0	0	0	3	2	0	0	0	0	0	0	0	0	0
"sp|Q6YR19|RS10_ONYPE"	"non_effector"	107	0	0	0.004	0	0.6911	0	0	0	3	0	0	0	0	0	0	0	0	0	0
"sp|Q6YR51|RS2_ONYPE"	"non_effector"	271	0	0	0.0236	0.00089	0.05159	0	37	0	5	1	0	0	0	0	0	0	0	0	0
"sp|Q6YRB0|RL31_ONYPE"	"non_effector"	93	0	0	0.00082	0.00082	0.28291	0	22	0	1	1	0	0	0	0	0	0	0	0	0
"sp|Q847S1|RL18_ASTYP"	"non_effector"	114	0	0	0.4612	0.0002	0.89427	0	0	1	6	0	0	0	0	0	0	0	0	0	0
"sp|B1VA58|RS9_PHYAS"	"non_effector"	130	0	0	0.1067	0.00998	0.3359	0	0	0	5	1	0	0	0	0	0	0	0	0	0
"sp|B1VAB0|RS16_PHYAS"	"non_effector"	91	0	0	0.00034	0.00034	0.49456	0	0	0	2	0	0	0	0	0	0	0	0	0	0
"sp|B1VAC4|RL36_PHYAS"	"non_effector"	38	0	0	0	0	0.92351	0	0	1	1	0	0	0	0	0	0	0	0	0	0
"sp|B1VAF0|RL32_PHYAS"	"non_effector"	65	0	0	0.00199	0.00199	0.51877	0	0	0	2	0	0	0	0	0	0	0	0	0	0
"sp|B1VAF3|RL27_PHYAS"	"non_effector"	93	0	0	0.0627	0.01804	0.057	0	0	0	4	0	0	0	0	0	0	1	0	0	0
"sp|B1VAH9|RS21_PHYAS"	"non_effector"	57	0	0	0	0	0.66612	0	0	0	1	0	0	0	0	0	0	0	0	0	0
"sp|B1VAN8|RL34_PHYAS"	"non_effector"	44	0.584	0	0.02931	0.02931	0.77187	0	0	0	0	0	0	0	0	0	0	0	0	0	0
"sp|B3QZF8|RL34_PHYMT"	"non_effector"	44	0	0	0.00552	0.00552	0.79588	0	0	0	0	0	0	0	0	0	0	0	0	0	0
"sp|B3QZS8|RL28_PHYMT"	"non_effector"	62	0	0	0	0	0.7238	0	0	0	4	0	0	0	0	0	0	0	0	0	0
"sp|B3QZT2|RL27_PHYMT"	"non_effector"	96	0	0	0.32746	0.08777	0.06334	0	0	0	4	0	0	0	0	0	0	2	0	0	0
"sp|B3QZV0|RS21_PHYMT"	"non_effector"	55	0	0	0	0	0.72928	0	0	0	2	1	0	0	0	0	0	0	0	0	0
"sp|B3QZV8|RL32_PHYMT"	"non_effector"	61	0.578	0	0.95234	0.95234	0.59861	0	0	0	2	0	0	0	0	0	0	0	0	0	0
"sp|B3R014|RL36_PHYMT"	"non_effector"	38	0	0	0	0	0.92033	0	0	1	1	0	0	0	0	0	0	0	0	0	0
"sp|B3R0P0|RS16_PHYMT"	"non_effector"	81	0	0	0.05753	0.01778	0.51077	0	0	0	2	0	0	0	0	0	0	0	0	0	0
"sp|B3R0P5|RL35_PHYMT"	"non_effector"	65	0.583	0	0	0	0.49059	0	0	0	1	0	0	0	0	0	0	1	0	0	0
"sp|P62235|RS16_ONYPE"	"non_effector"	87	0	0	0.00032	0.00032	0.49177	0	0	0	1	0	0	0	0	0	0	0	0	0	0
"sp|Q2NIG5|RL35_AYWBP"	"non_effector"	68	0.582	0	0	0	0.7502	0	0	0	2	0	0	0	0	0	0	1	0	0	0
"sp|Q2NIJ9|RL27_AYWBP"	"non_effector"	92	0	0	0.00019	3E-05	0.04793	0	0	0	3	0	0	0	0	0	0	1	0	0	0
"sp|Q2NIM3|RL28_AYWBP"	"non_effector"	62	0	0	0	0	0.77528	0	0	0	3	0	0	0	1	0	0	0	0	0	0
"sp|Q2NIP5|RS9_AYWBP"	"non_effector"	130	0	0	0.02468	0.00356	0.37586	0	0	0	4	0	0	0	0	0	0	0	0	0	0
"sp|Q2NIV1|RL32_AYWBP"	"non_effector"	68	0	0	0.12192	0.12192	0.49565	0	0	0	2	0	0	0	0	0	0	0	0	0	0
"sp|Q2NJ02|RL34_AYWBP"	"non_effector"	44	0.579	0	0.00946	0.00946	0.78305	0	0	0	0	0	0	0	0	0	0	0	0	0	0
"sp|Q847R1|RS21_ASTYP"	"non_effector"	65	0	0	0	0	0.41859	0	0	0	1	0	0	0	0	0	0	0	0	0	0
"sp|B1V924|ACKA_PHYAS"	"non_effector"	396	0	0	1.14352	0.0002	0.04062	0	0	0	5	2	0	0	1	0	0	0	0	0	0
"sp|B3QZW9|ACKA_PHYMT"	"non_effector"	391	0	0	0.757419999999999	0	0.03098	0	0	1	7	2	0	0	3	0	0	0	0	0	0
"sp|Q2NIR6|ACKA_AYWBP"	"non_effector"	410	0	0	0.47277	0.00145	0.01849	0	0	0	8	4	0	0	2	0	0	0	0	0	0
"sp|B1V8R6|ENO_PHYAS"	"non_effector"	430	0	0	0.05512	0	0.00992	0	0	1	7	4	0	0	2	0	0	0	0	0	0
"sp|B1V8W6|SYT_PHYAS"	"non_effector"	641	0	0	0.594929999999999	0	0.00121	0	0	1	6	4	0	0	1	0	0	0	0	0	0
"sp|B1V8Z6|TSAD_PHYAS"	"non_effector"	328	0	0	1.30746	5E-05	0.05443	0	0	0	4	2	0	0	1	0	0	1	0	0	0
"sp|B1V975|GLYA_PHYAS"	"non_effector"	413	0	0	0.01442	0	0.00509	0	0	0	10	1	0	0	0	0	0	1	0	0	0
"sp|B1V9C5|LEPA_PHYAS"	"non_effector"	605	0	0	0.02753	0.00379	0.00627	0	0	0	9	0	0	1	2	0	0	2	0	0	0
"sp|B1V9H9|PLSY_PHYAS"	"non_effector"	225	0	6	127.24629	28.04117	0.90559	1	0	0	1	0	0	0	0	0	0	0	0	0	0
"sp|B1VA59|SYE_PHYAS"	"non_effector"	448	0	0	0.374850000000001	0.28955	0.03792	0	0	1	4	2	0	0	2	0	0	0	0	0	0
"sp|B1VA75|TPIS_PHYAS"	"non_effector"	268	0	0	0.01371	0.00029	0.15382	0	0	0	4	1	0	0	1	0	0	0	0	0	0
"sp|B1VA93|SYFA_PHYAS"	"non_effector"	343	0	0	0.0102	0	0.02323	0	0	0	5	0	0	0	1	0	0	0	0	0	0
"sp|B1VA97|SYK_PHYAS"	"non_effector"	497	0	0	0.05032	0	0.02214	0	0	3	6	2	0	0	0	0	0	0	0	0	0
"sp|B1VAA7|SYY_PHYAS"	"non_effector"	415	0	0	0.05947	0.00621	0.00891	0	0	3	3	4	0	1	3	0	0	0	0	0	0
"sp|B1VAC7|KAD_PHYAS"	"non_effector"	217	0	0	0.00883	0.00421	0.0027	0	0	0	3	0	0	0	0	0	0	0	0	0	0
"sp|B1VAJ9|MIAA_PHYAS"	"non_effector"	290	0	0	0.25815	0.00149	0.05502	0	0	0	7	2	0	0	0	0	0	0	0	0	0
"sp|B1VAN5|PNP_PHYAS"	"non_effector"	710	0	0	0.07935	0.00436	0.00332	0	0	0	11	2	0	0	0	0	0	0	0	0	0
"sp|B1VAP5|GPDA_PHYAS"	"non_effector"	329	0	0	0.63679	0.0307	0.02182	0	0	0	2	1	0	0	0	0	0	0	0	0	0
"sp|B1VAX7|MNMA_PHYAS"	"non_effector"	375	0	0	0.02652	0.02401	0.01134	0	0	1	4	1	0	0	0	0	0	0	0	0	0
"sp|B1VAY1|DNLJ_PHYAS"	"non_effector"	670	0	0	0.00436	0	0.0003	0	0	2	11	2	0	0	4	0	0	0	0	0	0
"sp|B3QZG1|PNP_PHYMT"	"non_effector"	728	0	0	0.33084	0.04828	0.00826	0	0	0	8	4	0	0	2	0	0	1	0	0	0
"sp|B3QZS5|DNLJ_PHYMT"	"non_effector"	659	0	0	0.07077	0	0.00145	0	0	3	11	2	0	0	3	0	0	2	1	0	0
"sp|B3QZT1|OBG_PHYMT"	"non_effector"	421	0	0	0.01281	0.00021	0.00491	0	0	0	6	1	0	0	2	0	0	0	0	0	0
"sp|B3QZT9|LEPA_PHYMT"	"non_effector"	605	0	0	1.10937	0.00268	0.02513	0	0	0	10	3	0	0	1	0	0	1	1	0	0
"sp|B3QZX0|TYSY_PHYMT"	"non_effector"	288	0	1	18.48603	0.01235	0.78058	0	0	0	3	2	0	0	1	0	0	0	0	0	0
"sp|B3R022|TRUA_PHYMT"	"non_effector"	244	0	0	3.08355	0.00287	0.12717	0	0	0	4	0	0	0	0	0	0	1	0	0	0
"sp|B3R075|RNC_PHYMT"	"non_effector"	225	0	0	12.2174	0.12482	0.50847	0	0	0	4	0	0	0	1	0	0	0	0	0	0
"sp|B3R0D7|SYY_PHYMT"	"non_effector"	417	0	0	4.07645999999999	4.03892	0.18166	0	0	0	1	3	0	0	1	0	0	0	0	0	0
"sp|B3R0E3|GPDA_PHYMT"	"non_effector"	331	0	0	0.13693	0.00826	0.01177	0	0	0	2	1	0	0	2	0	0	0	0	0	0
"sp|B3R0E8|MIAA_PHYMT"	"non_effector"	299	0	0	0.82656	0.00132	0.06689	0	0	1	6	0	0	0	1	0	0	0	0	0	0
"sp|B3R0F3|RNH3_PHYMT"	"non_effector"	288	0	0	1.87171	0.00134	0.06839	0	0	0	4	1	0	0	1	0	0	0	0	0	0
"sp|B3R0F5|SYS_PHYMT"	"non_effector"	423	0	0	0.08188	0	0.00457	0	0	0	5	2	0	0	1	0	0	0	0	0	0
"sp|B3R0G5|GLYA_PHYMT"	"non_effector"	419	0	0	0.06984	0	0.01398	0	0	1	7	0	0	0	0	0	0	1	0	0	0
"sp|B3R0I8|SYT_PHYMT"	"non_effector"	640	0	0	5.81486	0	0.00202	0	0	1	8	1	0	0	2	0	0	2	0	0	0
"sp|B3R0M3|TSAD_PHYMT"	"non_effector"	329	0	0	8.61285999999997	0.00019	0.21541	0	0	1	5	1	0	0	2	0	0	1	0	0	0
"sp|P60351|TRUA_ONYPE"	"non_effector"	243	0	0	0.48049	0.00087	0.02577	0	0	1	6	1	0	0	1	0	0	0	0	0	0
"sp|P60792|LEPA_ONYPE"	"non_effector"	605	0	0	0.02821	0.00233	0.00263	0	0	0	11	1	0	1	3	0	0	0	0	0	0
"sp|P60823|PLSY_ONYPE"	"non_effector"	172	0	5	103.3423	28.19133	0.05347	1	0	0	2	0	0	0	0	0	0	0	0	0	0
"sp|P62417|PGK_ONYPE"	"non_effector"	398	0	0	0.0182	0.00022	0.02188	0	0	1	3	1	0	0	2	0	0	0	0	0	0
"sp|Q2NIG1|MNME_AYWBP"	"non_effector"	460	0	0	0.05472	0.04969	0.00344	0	0	0	5	2	0	0	1	0	0	0	0	0	0
"sp|Q2NIG3|SYT_AYWBP"	"non_effector"	641	0	0	0.335920000000001	0.0002	0.00057	0	0	0	8	3	0	0	1	0	0	0	0	0	0
"sp|Q2NIJ4|SYS_AYWBP"	"non_effector"	424	0	0	0.04612	0	0.00342	0	0	0	4	0	0	0	0	0	0	0	0	0	0
"sp|Q2NIM6|CH60_AYWBP"	"non_effector"	536	0	0	0.49539	0.00119	0.00567	0	0	0	6	0	0	0	3	0	0	0	0	0	0
"sp|Q2NIM9|MNMA_AYWBP"	"non_effector"	378	0	0	0.17897	0.14176	0.0134	0	0	1	6	2	0	1	2	0	0	0	0	0	0
"sp|Q2NIP6|SYE_AYWBP"	"non_effector"	449	0	0	0.52188	0.24234	0.04491	0	0	1	5	1	0	0	2	0	0	0	0	0	0
"sp|Q2NIP7|SYC_AYWBP"	"non_effector"	438	0	0	0.84552	0.01908	0.0162	0	0	1	5	2	0	0	2	0	0	1	0	0	0
"sp|Q2NIS4|PYRH_AYWBP"	"non_effector"	241	0	0	0.29785	0.02304	0.08343	0	0	0	3	0	0	0	0	0	0	0	0	0	0
"sp|Q2NIS7|TPIS_AYWBP"	"non_effector"	274	0	0	0.36426	0.00191	0.18932	0	0	0	3	1	0	0	1	0	0	0	0	0	0
"sp|Q2NIT5|ECFA_AYWBP"	"non_effector"	271	0	0	0.04011	0.03245	0.03847	0	0	0	4	0	0	0	1	0	0	0	0	0	0
"sp|Q2NIT8|GLYA_AYWBP"	"non_effector"	429	0	0	0.59605	0.00979	0.07498	0	0	0	5	0	0	0	0	0	0	2	0	0	0
"sp|Q2NIX5|KAD_AYWBP"	"non_effector"	217	0	0	0.02964	0.02749	0.00357	0	0	0	2	0	0	0	0	0	0	0	0	0	0
"sp|Q2NIY1|RPOA_AYWBP"	"non_effector"	330	0	0	0.01373	0.00581	0.01239	0	0	0	8	3	0	0	0	0	0	0	0	0	0
"sp|Q2NIZ6|GPDA_AYWBP"	"non_effector"	338	0.661	1	12.741	12.47074	0.58155	1	0	1	0	0	0	0	0	0	0	0	0	0	0
"sp|Q2NJ06|PNP_AYWBP"	"non_effector"	715	0	0	0.17194	0.00924	0.00385	0	0	0	9	2	0	0	1	0	0	1	0	0	0
"sp|Q2NJ16|RPOC_AYWBP"	"non_effector"	1353	0	0	0.14432	0.00017	3E-05	0	0	0	21	9	0	0	0	0	0	1	0	0	0
"sp|Q2NJ30|MIAA_AYWBP"	"non_effector"	291	0	0	0.23145	0.00146	0.05138	0	0	0	6	1	0	0	0	0	0	0	0	0	0
"sp|Q2NJ38|G6PI_AYWBP"	"non_effector"	426	0	0	5.62432	0	0.07204	0	0	0	2	2	0	0	2	0	0	0	0	0	0
"sp|Q2NJ39|ENO_AYWBP"	"non_effector"	430	0	0	0.06473	0	0.00714	0	0	1	5	4	0	0	2	0	0	0	0	0	0
"sp|Q2NJ40|GPMI_AYWBP"	"non_effector"	512	0	0	0.00609	0.0003	0.00161	0	0	0	10	1	0	0	2	0	0	0	0	0	0
"sp|Q2NJ46|TYSY_AYWBP"	"non_effector"	288	0	0	7.65166	0.00852	0.28378	0	0	0	6	1	0	0	0	0	0	0	0	0	0
"sp|Q2NJ60|SYA_AYWBP"	"non_effector"	864	0	0	0.01991	0.00018	0.00045	0	0	0	12	4	0	0	3	0	0	2	0	0	0
"sp|Q2NJE3|LON_AYWBP"	"non_effector"	791	0	0	0.0313	0.00034	0.00154	0	0	0	9	3	0	0	1	0	0	0	0	0	0
"sp|Q2NJF5|DNLJ_AYWBP"	"non_effector"	671	0	0	0.35849	0	0.00839	0	0	2	12	4	0	0	0	0	0	0	0	0	0
"sp|Q2NJF6|PLSY_AYWBP"	"non_effector"	231	0.657	6	130.71612	28.2216	0.01466	1	0	1	0	0	0	0	0	0	0	0	0	0	0
"sp|Q2NJG7|SYY_AYWBP"	"non_effector"	413	0	0	0.1922	0.08869	0.01511	0	0	1	5	4	0	1	2	0	0	0	0	0	0
"sp|Q2NJM5|TSAD_AYWBP"	"non_effector"	274	0	0	3.99349	3.59047	0.13182	0	0	0	5	2	0	0	1	0	0	1	0	0	0
"sp|Q2NJZ2|SYFB_AYWBP"	"non_effector"	828	0	0	0.06293	0.00593	0.0025	0	28	1	17	0	0	0	4	0	0	2	1	0	0
"sp|Q2NK31|POTA_AYWBP"	"non_effector"	417	0	0	0.03893	0.00251	0.00403	0	0	0	2	0	0	0	2	0	0	0	0	0	0
"sp|Q6YPM1|DNAK_ONYPE"	"non_effector"	615	0	0	0.0448	0.0095	0.00417	0	49	1	10	1	0	0	2	0	0	0	0	0	0
"sp|Q6YPM2|DNAJ_ONYPE"	"non_effector"	257	0	0	0.00561	0	0.1329	0	0	0	4	1	0	0	0	0	0	0	0	0	0
"sp|Q6YPW7|RNC_ONYPE"	"non_effector"	238	0	0	0.39225	0.00895	0.12005	0	24	0	5	1	0	0	1	0	0	0	0	0	0
"sp|Q6YPW8|PLSX_ONYPE"	"non_effector"	366	0	0	0.1177	0.00157	0.01616	0	33	0	4	0	0	0	0	0	0	0	0	0	0
"sp|Q6YPX9|SYFA_ONYPE"	"non_effector"	344	0	0	0.00487	4E-05	0.09458	0	0	0	1	2	0	0	0	0	0	1	0	0	0
"sp|Q6YPY6|SYK_ONYPE"	"non_effector"	511	0	0	0.01469	0.00011	0.00232	0	0	0	4	4	0	0	0	0	0	0	0	0	0
"sp|Q6YPZ6|TSAD_ONYPE"	"non_effector"	233	0	0	1.33896	0.00086	0.07545	0	0	0	1	2	0	0	1	0	0	1	0	0	0
"sp|Q6YQE1|UVRB_ONYPE"	"non_effector"	670	0	0	0.02235	0.01675	0.00104	0	0	0	12	3	0	0	2	0	0	0	1	0	0
"sp|Q6YR34|SYI_ONYPE"	"non_effector"	900	0	0	0.37478	0.00025	0.01582	0	0	0	9	4	0	0	2	0	0	1	0	0	0
"sp|Q6YR88|SYD_ONYPE"	"non_effector"	586	0	0	0.0258	0.01462	0.01038	0	0	0	8	5	0	0	1	0	0	0	0	0	0
"sp|Q6YRC6|OBG_ONYPE"	"non_effector"	422	0	0	0.03583	0.00914	0.00168	0	0	0	6	1	0	0	0	0	0	0	0	0	0
"sp|Q6YRJ6|SYV_ONYPE"	"non_effector"	882	0	0	0.03116	0.00386	0.00093	0	0	0	11	2	0	0	7	0	0	1	0	0	0
"sp|Q9KJT8|DNAJ_PEWBP"	"non_effector"	368	0	0	2.79688	0	0.20301	0	0	0	5	1	0	0	1	0	0	0	0	0	0
"sp|Q8L2S1|GPMI_TOBBP"	"non_effector"	81	0	0	0.00601	0.00514	0.10457	0	0	0	1	0	0	0	1	0	0	0	0	0	0
"sp|B1V8X4|SYN_PHYAS"	"non_effector"	457	0	0	0.24914	0.00245	0.01251	0	0	0	4	0	0	0	1	0	0	0	0	0	0
"sp|B1V902|ACP_PHYAS"	"non_effector"	76	0	0	5E-05	5E-05	0.29093	0	0	0	1	0	0	0	0	0	0	0	0	0	0
"sp|B1V950|RF1_PHYAS"	"non_effector"	354	0	0	0.00333	0	0.03207	0	0	0	6	3	0	0	2	0	0	0	0	0	0
"sp|B1VA46|SYH_PHYAS"	"non_effector"	415	0	0	0.50734	0	0.02147	0	0	0	6	2	0	0	0	0	0	0	0	0	0
"sp|B1VA77|RRF_PHYAS"	"non_effector"	184	0	0	0.00078	0.00038	0.17598	0	0	0	2	0	0	0	0	0	0	0	0	0	0
"sp|B1VA79|EFTS_PHYAS"	"non_effector"	277	0	0	0.001	4E-05	0.09002	0	0	0	6	2	0	0	1	0	0	0	0	0	0
"sp|B1VAA9|TRMD_PHYAS"	"non_effector"	244	0	0	0.06111	0.02555	0.01734	0	0	1	2	1	0	0	0	0	0	0	0	0	0
"sp|B1VAH1|PTH_PHYAS"	"non_effector"	189	0	0	0.00768	0.0038	0.10199	0	0	0	2	0	0	0	1	0	0	0	0	0	0
"sp|B1VAH8|YBEY_PHYAS"	"non_effector"	144	0	0	0.00262	0.00038	0.53777	0	0	0	1	0	0	0	0	0	0	0	0	0	0
"sp|B1VAJ8|EFP_PHYAS"	"non_effector"	189	0	0	0.08364	0.00404	0.23196	0	0	0	3	1	0	0	0	0	0	0	0	0	0
"sp|B1VAM2|EFG_PHYAS"	"non_effector"	688	0	0	0.10178	0.00336	0.00085	0	0	0	10	6	0	0	0	0	0	0	0	0	0
"sp|B1VAM6|RPOB_PHYAS"	"non_effector"	1240	0	0	0.01507	0.0004	0.0008	0	0	2	14	3	0	0	5	0	0	0	0	0	0
"sp|B1VAN7|RNPA_PHYAS"	"non_effector"	115	0	0	12.88789	0.01857	0.87957	0	0	1	1	0	0	0	1	0	0	0	0	0	0
"sp|B1VAN9|SYP_PHYAS"	"non_effector"	474	0	0	1.08227	1.07244	0.06784	0	0	0	9	2	0	0	1	0	0	0	0	0	0
"sp|B1VAZ2|KCY_PHYAS"	"non_effector"	224	0	0	0.00267	0.00139	0.02896	0	0	0	3	1	0	0	1	0	0	0	0	0	0
"sp|B3QZH0|RPOB_PHYMT"	"non_effector"	1273	0	0	0.06945	0.00056	0.00309	0	0	1	19	4	0	0	4	0	0	0	0	0	0
"sp|B3QZH4|EFG_PHYMT"	"non_effector"	688	0	0	0.04459	0.0004	0.00032	0	0	0	10	4	0	0	2	0	0	1	0	0	0
"sp|B3QZH5|EFTU_PHYMT"	"non_effector"	392	0	0	0.04427	0.00127	0.01293	0	0	0	7	3	0	0	0	0	0	1	0	0	0
"sp|B3QZK4|HRCA_PHYMT"	"non_effector"	343	0	0	0.13447	0.00298	0.02928	0	0	0	9	1	0	0	3	0	0	0	0	0	0
"sp|B3QZM3|PTH_PHYMT"	"non_effector"	176	0	0	7.52146000000001	7.49671	0.02313	0	0	0	2	0	0	0	1	0	0	0	0	0	0
"sp|B3QZN3|EFTS_PHYMT"	"non_effector"	279	0	0	0.00015	0	0.0337	0	0	1	2	2	0	0	0	0	0	0	0	0	0
"sp|B3QZS0|SYH_PHYMT"	"non_effector"	423	0	0	0.02996	0	0.01594	0	0	2	4	0	0	0	0	0	0	0	0	0	0
"sp|B3QZV1|YBEY_PHYMT"	"non_effector"	148	0	0	0.31748	0.31151	0.70092	0	0	0	1	1	0	0	1	0	0	1	0	0	0
"sp|B3QZW6|RBFA_PHYMT"	"non_effector"	114	0	0	0.05972	0.04707	0.16602	0	0	0	2	0	0	0	0	0	0	0	0	0	0
"sp|B3R068|RECR_PHYMT"	"non_effector"	206	0	0	0.01343	0.00206	0.10651	0	0	0	4	2	0	0	1	0	0	0	0	0	0
"sp|B3R0E5|KCY_PHYMT"	"non_effector"	232	0	0	0.03274	0.02951	0.04906	0	0	0	2	1	0	0	1	0	0	0	0	0	0
"sp|B3R0E7|EFP_PHYMT"	"non_effector"	188	0	0	0.09448	0.04318	0.17557	0	0	0	1	1	0	0	0	0	0	0	0	0	0
"sp|B3R0F8|RECA_PHYMT"	"non_effector"	339	0	0	0.19318	0.06334	0.31315	0	0	0	3	1	0	0	0	0	0	0	0	0	0
"sp|B3R0I1|SYN_PHYMT"	"non_effector"	465	0	0	0.02109	0.00055	0.00115	0	0	0	2	1	0	0	2	0	0	1	0	0	0
"sp|B3R0L6|DNAA_PHYMT"	"non_effector"	455	0	0	0.0817	0.0013	0.01977	0	0	1	8	2	0	0	2	0	0	0	0	0	0
"sp|B3R0P2|TRMD_PHYMT"	"non_effector"	243	0	0	0.11392	0.00621	0.01817	0	0	0	2	0	0	0	2	0	0	0	0	0	0
"sp|B3R0P8|ACP_PHYMT"	"non_effector"	84	0	0	0	0	0.22495	0	0	0	0	0	0	0	0	0	0	0	0	0	0
"sp|P60554|KGUA_ONYPE"	"non_effector"	212	0	0	0.04337	0.04319	0.05594	0	0	0	5	2	0	0	0	0	0	0	0	0	0
"sp|P61308|RRF_ONYPE"	"non_effector"	184	0	0	0.02563	0.01151	0.10847	0	0	0	2	0	0	0	0	0	0	0	0	0	0
"sp|P61337|EFTS_ONYPE"	"non_effector"	274	0	0	0.00036	8E-05	0.11016	0	0	0	5	2	0	0	1	0	0	0	0	0	0
"sp|P61692|IF1_ONYPE"	"non_effector"	78	0	0	0.00249	0.00249	0.70986	0	0	0	2	0	0	0	1	0	0	0	0	0	0
"sp|Q2NIG9|ACP_AYWBP"	"non_effector"	76	0	0	0.00019	8E-05	0.2412	0	0	0	0	0	0	0	0	0	0	0	0	0	0
"sp|Q2NIJ6|TRHO_AYWBP"	"non_effector"	308	0	0	0.02912	0.02912	0.07105	0	0	0	3	1	0	0	1	0	0	0	0	0	0
"sp|Q2NIM1|KITH_AYWBP"	"non_effector"	209	0	0	0.50991	0.03107	0.11862	0	0	0	3	2	0	0	0	0	0	0	0	0	0
"sp|Q2NIN2|SYH_AYWBP"	"non_effector"	427	0	0	0.01445	0	0.00858	0	0	0	7	0	0	0	0	0	0	0	0	0	0
"sp|Q2NIN4|TILS_AYWBP"	"non_effector"	436	0	0	4.45961000000001	3.83441	0.15849	0	0	1	4	0	0	0	2	0	0	1	0	0	0
"sp|Q2NIQ6|IF2_AYWBP"	"non_effector"	623	0	0	0.302000000000001	0.26637	0.01782	0	45	0	11	3	0	0	4	0	0	0	0	0	0
"sp|Q2NIQ9|PTH_AYWBP"	"non_effector"	188	0	0	0.00761	0.00211	0.02546	0	0	0	2	1	0	0	1	0	0	0	0	0	0
"sp|Q2NIY4|KTHY_AYWBP"	"non_effector"	207	0	0	0.01709	0.00014	0.01353	0	0	1	2	0	0	0	0	0	0	0	0	0	0
"sp|Q2NIZ2|TRUB_AYWBP"	"non_effector"	283	0	0	0.672609999999999	0.66916	0.01248	0	0	0	2	0	0	0	0	0	0	0	0	0	0
"sp|Q2NIZ4|KCY_AYWBP"	"non_effector"	223	0	0	0.01119	0.00472	0.17006	0	0	1	6	2	0	0	0	0	0	0	0	0	0
"sp|Q2NJ01|SYP_AYWBP"	"non_effector"	474	0	0	1.33522	1.31656	0.10394	0	0	0	8	2	0	0	1	0	0	0	0	0	0
"sp|Q2NJ15|RPOB_AYWBP"	"non_effector"	1273	0	0	0.02354	0.00038	0.00087	0	0	1	15	6	0	0	3	0	0	2	0	0	0
"sp|Q2NJ19|EFG_AYWBP"	"non_effector"	688	0	0	0.20213	0.00232	0.00065	0	0	0	13	5	0	0	0	0	0	0	0	0	0
"sp|Q2NJ20|EFTU_AYWBP"	"non_effector"	394	0	0	0.03351	0.01853	0.0346	0	0	0	8	2	0	0	1	0	0	0	0	0	0
"sp|Q2NJ23|MNMG_AYWBP"	"non_effector"	618	0	0	0.1327	0.09851	0.00641	0	0	1	8	1	0	0	3	0	0	1	0	0	0
"sp|Q2NJ28|RNY_AYWBP"	"non_effector"	528	0	1	22.48245	22.48165	0.99597	1	0	0	10	5	0	0	1	0	0	1	0	0	0
"sp|Q2NJ31|EFP_AYWBP"	"non_effector"	189	0	0	0.10657	0.03904	0.2325	0	0	0	4	1	0	0	0	0	0	1	0	0	0
"sp|Q2NJ78|UVRC_AYWBP"	"non_effector"	589	0	0	0.03964	0	0.00133	0	0	1	13	4	0	0	1	0	0	0	0	0	0
"sp|Q2NJG9|TRMD_AYWBP"	"non_effector"	242	0	0	0.04622	0.02052	0.01724	0	0	0	3	0	0	0	0	0	0	0	0	0	0
"sp|Q2NK15|YBEY_AYWBP"	"non_effector"	146	0	0	0.02022	0.01569	0.39017	0	0	0	1	0	0	0	0	0	0	0	0	0	0
"sp|Q2NK66|GRPE_AYWBP"	"non_effector"	241	0	0	0	0	0.02676	0	51	0	4	1	0	0	0	0	0	0	0	0	0
"sp|Q2NK67|HRCA_AYWBP"	"non_effector"	344	0	0	0.18756	0.0739	0.0606	0	0	0	6	1	0	0	1	0	0	2	0	0	0
"sp|Q6YPH3|SYN_ONYPE"	"non_effector"	506	0	0	0.17224	0.00036	0.00818	0	0	0	4	3	0	0	2	0	0	0	0	0	0
"sp|Q6YPM0|GRPE_ONYPE"	"non_effector"	247	0	0	0.00038	0	0.03062	0	49	0	4	0	0	0	0	0	0	0	0	0	0
"sp|Q6YQD4|ACPS_ONYPE"	"non_effector"	127	0	0	0.81904	0.00096	0.10673	0	0	0	0	1	0	0	0	0	0	0	0	0	0
"sp|Q6YQX5|RNPA_ONYPE"	"non_effector"	141	0	0	1.45445	0.44472	0.05322	0	0	1	2	0	0	0	0	0	0	0	0	0	0
"sp|Q6YR70|SSRP_ONYPE"	"non_effector"	152	0	0	0.05564	0.02205	0.68588	0	0	0	5	0	0	1	0	0	0	0	0	0	0
"sp|Q6YR87|TILS_ONYPE"	"non_effector"	436	0	0	1.51548	1.24181	0.05735	0	0	1	3	0	0	0	1	0	0	1	0	0	0
"sp|Q6YRK0|RF1_ONYPE"	"non_effector"	351	0	0	0.00201	0	0.02435	0	0	1	7	2	0	0	2	0	0	0	0	0	0
"sp|Q6YRL3|DNAA_ONYPE"	"non_effector"	507	0	0	0.01161	0.00025	0.00926	0	0	2	8	2	0	0	0	0	0	0	0	0	0
"sp|Q8G8D1|REPP_ONYPE"	"non_effector"	377	0	0	0.00057	0	0.00874	0	0	0	5	5	0	0	1	0	0	1	0	0	0
"sp|Q9KJU0|GRPE_PEWBP"	"non_effector"	264	0	0	0.00035	0	0.02375	0	24	0	6	1	0	0	0	0	0	0	0	0	0
"sp|B1VAB8|HRCA_PHYAS"	"non_effector"	340	0	0	0.28377	0.0002	0.02653	0	0	0	7	2	0	0	1	0	0	0	0	0	0
