"seq_id"	"name"	"sequence length"	"signal peptide"	"transmembrane domain"	"aa in tr domain"	"first 60 aa"	"prob N-in"	"mTMR"	"IDRs"	"CAMP_PHOSPHO_SITE"	"PKC_PHOSPHO_SITE"	"CK2_PHOSPHO_SITE"	"MYRISTYL"	"AMIDATION"	"ASN_GLYCOSYLATION"	"ASPARAGINE_RICH "	"LEUCINE_ZIPPER"	"MICROBODIES_CTER"	"RGD"	"TYR_PHOSPHO_SITE_1"	"TYR_PHOSPHO_SITE_2"	"CLUMP0"	"CLUMP3"	"CLUMP5"	"CLUMP6"	"CLUMP7"	"CLUMP8"	"bin1"	"bin2"	"bin3"	"bin4"
"tr|A0A0L0MJJ1|A0A0L0MJJ1_9MOLU"	"to_be_predicted"	540	0	1	22.67612	22.63411	0.9982	1	0	0	4	3	0	0	1	0	0	0	0	0	0	0	0	1	3	2	0	0	4	1	1
"tr|A0A0L0MIF1|A0A0L0MIF1_9MOLU"	"to_be_predicted"	424	0	0	0.03873	0	0.00222	0	0	0	3	4	0	0	1	0	0	1	0	0	0	1	1	1	3	2	0	3	2	0	3
"tr|A0A0L0MIJ4|A0A0L0MIJ4_9MOLU"	"to_be_predicted"	340	0	0	1.20555	0.00043	0.02117	0	0	0	4	1	0	0	0	0	0	0	0	0	0	0	0	1	0	0	0	0	1	0	0
"tr|A0A0L0MIN1|A0A0L0MIN1_9MOLU"	"to_be_predicted"	457	0	0	0.41529	0.40997	0.02487	0	0	0	6	1	0	0	1	0	0	0	0	0	0	1	0	0	0	4	0	0	1	4	0
"tr|A0A0L0MIU8|A0A0L0MIU8_9MOLU"	"to_be_predicted"	610	0	0	0.18462	0.00214	0.00543	0	0	0	8	0	0	0	2	0	0	0	0	0	0	0	0	1	0	2	0	0	0	1	2
"tr|A0A0L0MIW2|A0A0L0MIW2_9MOLU"	"to_be_predicted"	297	0	0	1.38838	0.00207	0.06886	0	0	0	4	1	0	0	0	0	0	0	0	0	0	0	0	0	1	0	0	1	0	0	0
"tr|A0A0L0MJ29|A0A0L0MJ29_9MOLU"	"to_be_predicted"	393	0	0	1.60152	6E-05	0.03946	0	0	1	4	6	0	0	0	0	0	0	0	0	0	0	0	1	3	3	1	4	4	0	0
"tr|A0A0L0MJC1|A0A0L0MJC1_9MOLU"	"to_be_predicted"	583	0	0	0.295510000000001	0.16343	0.01234	0	0	0	5	1	0	0	0	0	0	1	0	0	0	0	0	0	0	3	1	0	3	0	1
"tr|A0A0L0MJK8|A0A0L0MJK8_9MOLU"	"to_be_predicted"	333	0	0	0.20354	0.02694	0.29137	0	0	0	6	3	0	0	1	0	0	0	0	0	0	1	0	0	2	1	0	0	2	1	1
"tr|A0A0L0MJL2|A0A0L0MJL2_9MOLU"	"to_be_predicted"	799	0	0	0.05308	0.0046	0.00079	0	0	0	4	4	0	0	1	0	0	0	0	0	0	1	0	0	2	1	1	3	1	1	0
"tr|A0A0L0MJM2|A0A0L0MJM2_9MOLU"	"to_be_predicted"	1364	0	0	0.24768	0.00395	0.00037	0	0	2	16	10	0	0	5	0	0	1	0	0	0	3	0	2	5	10	1	5	5	8	4
"tr|A0A0L0MJM6|A0A0L0MJM6_9MOLU"	"to_be_predicted"	367	0	1	20.12187	0	0.88744	0	0	2	8	4	0	0	2	0	0	0	1	0	0	0	0	1	1	4	1	3	2	1	3
"tr|A0A0L0MJQ3|A0A0L0MJQ3_9MOLU"	"to_be_predicted"	225	0	0	0.62415	0.07441	0.05629	0	0	0	4	0	0	0	1	0	0	0	0	0	0	0	1	0	0	3	0	0	2	1	2
"tr|A0A0L0MJT2|A0A0L0MJT2_9MOLU"	"to_be_predicted"	424	0	0	0.10798	0.10431	0.00805	0	0	0	1	0	0	0	1	0	0	0	0	0	0	2	0	0	0	1	0	0	0	3	0
"tr|A0A0L0MJU2|A0A0L0MJU2_9MOLU"	"to_be_predicted"	644	0	0	2.80234	1.74929	0.0957	0	0	0	9	6	0	0	5	0	0	0	0	0	0	3	1	0	4	5	0	3	1	6	3
"tr|A0A0L0MJW2|A0A0L0MJW2_9MOLU"	"to_be_predicted"	288	0	0	6.70633	0.00334	0.29448	0	0	0	5	1	0	0	0	0	0	1	0	0	0	0	0	0	1	2	0	1	1	1	0
"tr|A0A0L0MJY3|A0A0L0MJY3_9MOLU"	"to_be_predicted"	524	0.593	1	20.3505199999999	19.75534	0.99478	1	0	0	6	4	0	0	2	0	0	1	0	0	0	0	0	0	1	1	0	0	0	0	2
"tr|A0A0L0MJY7|A0A0L0MJY7_9MOLU"	"to_be_predicted"	865	0	0	0.25044	0.00023	0.0098	0	0	0	8	2	0	0	3	0	0	0	0	0	0	0	1	0	0	4	0	1	2	2	0
"tr|A0A0L0MJZ6|A0A0L0MJZ6_9MOLU"	"to_be_predicted"	239	0	0	0.79486	0.53736	0.05418	0	0	0	2	2	0	0	0	0	0	0	0	0	0	1	0	0	0	1	0	0	0	1	1
"tr|A0A0L0MJZ8|A0A0L0MJZ8_9MOLU"	"to_be_predicted"	804	0	0	0.0123	0.0001	0.00053	0	0	0	14	2	0	1	2	0	0	2	0	0	0	1	2	0	1	7	0	2	3	3	3
"tr|A0A0L0MK13|A0A0L0MK13_9MOLU"	"to_be_predicted"	192	0	0	0.07517	0.00014	0.28607	0	0	1	1	1	0	0	3	0	0	0	0	0	0	2	1	0	1	1	0	2	0	2	1
"tr|A0A0L0MK15|A0A0L0MK15_9MOLU"	"to_be_predicted"	263	0	0	0.02937	0.00472	0.10123	0	0	0	4	1	0	0	0	0	0	2	0	0	0	0	0	0	1	1	0	1	1	0	0
"tr|A0A0L0MK87|A0A0L0MK87_9MOLU"	"to_be_predicted"	418	0	0	0.33861	0.25763	0.01661	0	0	0	6	2	0	0	1	0	0	0	0	0	0	2	0	0	0	4	0	0	2	2	3
"tr|A0A0L0MK99|A0A0L0MK99_9MOLU"	"to_be_predicted"	911	0	0	0.02011	9E-05	0.00071	0	0	1	5	3	0	0	3	0	0	2	0	0	0	2	0	0	3	0	0	2	1	1	1
"tr|A0A0L0MKE8|A0A0L0MKE8_9MOLU"	"to_be_predicted"	251	0	0	16.41713	0.01248	0.10561	0	0	0	5	3	0	0	0	0	0	1	0	0	0	0	0	0	2	2	0	1	0	3	0
"tr|A0A0L0MKF2|A0A0L0MKF2_9MOLU"	"to_be_predicted"	314	0	0	0.0673	0.05624	0.0232	0	0	0	5	1	0	0	1	0	0	0	0	0	0	1	0	0	1	1	0	0	1	1	1
"tr|A0A0L0MKF4|A0A0L0MKF4_9MOLU"	"to_be_predicted"	257	0	0	0.43537	0.2679	0.06953	0	0	0	3	1	0	0	0	0	0	0	0	0	0	0	0	0	1	1	0	0	2	0	0
"tr|A0A0L0MKM4|A0A0L0MKM4_9MOLU"	"to_be_predicted"	860	0	0	0.04264	0.00066	0.00131	0	0	2	7	2	0	0	1	0	0	0	0	0	0	2	0	2	0	1	0	3	1	1	1
"tr|A0A0L0MKV7|A0A0L0MKV7_9MOLU"	"to_be_predicted"	380	0	0	0.737019999999998	0.73455	0.056	0	0	1	4	0	0	0	0	0	0	0	0	0	0	0	0	0	0	2	0	1	0	1	0
"tr|A0A0L0MKZ9|A0A0L0MKZ9_9MOLU"	"to_be_predicted"	778	0	0	0.14781	0.00237	0.00128	0	0	0	10	1	0	0	0	0	0	1	0	0	0	0	0	0	0	5	0	0	2	2	2
"tr|A0A0L0MII1|A0A0L0MII1_9MOLU"	"to_be_predicted"	265	0	0	0.00112	0	0.33315	0	20	0	3	1	0	0	0	0	0	0	0	0	0	0	0	0	0	2	1	1	2	0	0
"tr|A0A0L0MIL1|A0A0L0MIL1_9MOLU"	"to_be_predicted"	60	0	0	0	0	0.81986	0	26	0	2	0	0	0	1	0	0	0	0	0	0	1	0	0	0	1	0	0	1	1	0
"tr|A0A0L0MIM4|A0A0L0MIM4_9MOLU"	"to_be_predicted"	422	0	0	0.07901	0.05474	0.00609	0	0	0	1	2	0	0	2	0	0	0	0	0	0	0	0	1	1	0	0	0	1	0	1
"tr|A0A0L0MIU3|A0A0L0MIU3_9MOLU"	"to_be_predicted"	282	0	0	0.01914	0.00122	0.15659	0	0	0	2	3	0	0	2	0	0	0	0	0	0	0	0	2	1	1	1	3	1	0	1
"tr|A0A0L0MIX1|A0A0L0MIX1_9MOLU"	"to_be_predicted"	563	0	0	1.19806	0.4923	0.05127	0	0	0	7	2	0	1	1	0	0	0	0	0	0	1	0	1	1	2	1	0	0	4	2
"tr|A0A0L0MIY1|A0A0L0MIY1_9MOLU"	"to_be_predicted"	66	0	0	0.00022	0.00022	0.39962	0	0	0	0	0	0	0	0	0	0	1	0	0	0	0	0	0	0	0	0	0	0	0	0
"tr|A0A0L0MJ02|A0A0L0MJ02_9MOLU"	"to_be_predicted"	284	0	0	0.26262	0.23672	0.04608	0	0	1	3	1	0	0	0	0	0	0	0	0	0	0	0	0	1	1	0	0	0	1	1
"tr|A0A0L0MJ07|A0A0L0MJ07_9MOLU"	"to_be_predicted"	405	0	0	0.03696	0.00742	0.03953	0	0	0	2	2	0	0	2	0	0	0	1	0	0	1	0	0	0	3	0	1	1	0	2
"tr|A0A0L0MJ34|A0A0L0MJ34_9MOLU"	"to_be_predicted"	342	0	0	0.42769	0	0.03318	0	0	0	2	2	0	0	0	0	0	0	0	0	0	0	0	0	2	0	0	1	0	1	0
"tr|A0A0L0MJ40|A0A0L0MJ40_9MOLU"	"to_be_predicted"	667	0	6	148.3864	31.50159	0.95828	1	0	1	3	4	0	0	0	0	0	0	0	0	0	0	0	1	2	1	1	1	2	0	2
"tr|A0A0L0MJ50|A0A0L0MJ50_9MOLU"	"to_be_predicted"	460	0	0	0.619749999999998	0.22831	0.02564	0	0	0	7	1	0	0	0	0	0	0	0	0	0	0	0	0	1	3	0	0	2	2	0
"tr|A0A0L0MJ60|A0A0L0MJ60_9MOLU"	"to_be_predicted"	674	0	0	0.09672	8E-05	0.00568	0	0	2	15	1	0	0	3	0	0	1	0	0	0	1	0	1	0	5	0	2	4	1	0
"tr|A0A0L0MJ66|A0A0L0MJ66_9MOLU"	"to_be_predicted"	246	0	0	1.10617	0.17445	0.08523	0	0	3	5	2	0	0	1	0	0	0	0	0	0	1	0	1	0	2	0	2	1	1	0
"tr|A0A0L0MJ71|A0A0L0MJ71_9MOLU"	"to_be_predicted"	365	0	0	0.01576	0.01547	0.00468	0	0	1	6	4	0	0	0	0	0	0	0	0	0	0	0	0	3	2	0	1	3	1	0
"tr|A0A0L0MJ76|A0A0L0MJ76_9MOLU"	"to_be_predicted"	73	0	0	0	0	0.43744	0	0	0	3	0	0	0	0	0	0	0	0	0	0	0	0	0	0	0	0	0	0	0	0
"tr|A0A0L0MJ86|A0A0L0MJ86_9MOLU"	"to_be_predicted"	243	0	0	0.10217	0.09238	0.02393	0	0	2	1	0	0	0	0	0	0	0	0	0	0	0	0	0	0	1	0	0	0	1	0
"tr|A0A0L0MJ91|A0A0L0MJ91_9MOLU"	"to_be_predicted"	381	0	0	0.1255	0	0.0297	0	0	1	6	1	0	0	2	0	0	0	0	0	0	0	0	0	1	0	0	0	0	0	1
"tr|A0A0L0MJ95|A0A0L0MJ95_9MOLU"	"to_be_predicted"	141	0	0	0.02268	0	0.23483	0	20	1	1	1	0	0	0	0	0	0	0	0	0	0	0	0	1	1	0	0	0	1	1
"tr|A0A0L0MJB7|A0A0L0MJB7_9MOLU"	"to_be_predicted"	184	0	0	0.24559	0.0664	0.04974	0	0	0	3	2	0	0	1	0	0	0	0	0	0	1	0	0	0	2	0	1	1	0	1
"tr|A0A0L0MJD2|A0A0L0MJD2_9MOLU"	"to_be_predicted"	517	0	1	17.36707	17.26086	0.76847	1	0	0	4	0	0	0	0	0	0	0	0	0	0	0	0	0	0	2	0	1	1	0	0
"tr|A0A0L0MJE3|A0A0L0MJE3_9MOLU"	"to_be_predicted"	130	0.619	0	0.283	0.283	0.73317	0	0	1	3	3	0	0	0	0	0	0	0	0	0	0	0	0	3	3	0	2	3	0	1
"tr|A0A0L0MJE7|A0A0L0MJE7_9MOLU"	"to_be_predicted"	436	0.592	8	205.56931	20.56072	0.90218	1	0	0	5	0	0	0	1	0	0	0	0	0	0	0	0	0	0	1	0	0	0	1	0
"tr|A0A0L0MJF3|A0A0L0MJF3_9MOLU"	"to_be_predicted"	180	0	0	0.00962	2E-05	0.39632	0	0	0	3	0	0	0	1	0	0	0	0	0	0	0	0	0	0	1	0	0	1	0	0
"tr|A0A0L0MJF9|A0A0L0MJF9_9MOLU"	"to_be_predicted"	126	0	0	0.00255	0.0025	0.34565	0	0	0	3	0	0	0	0	0	0	0	0	0	0	0	0	0	0	1	0	0	0	1	0
"tr|A0A0L0MJG3|A0A0L0MJG3_9MOLU"	"to_be_predicted"	126	0	0	0.04746	0.04573	0.52438	0	0	1	1	0	0	0	1	0	0	0	0	0	0	0	1	0	0	0	0	0	1	0	0
"tr|A0A0L0MJG9|A0A0L0MJG9_9MOLU"	"to_be_predicted"	224	0	0	0.00066	0.00036	0.05274	0	31	1	6	0	0	0	0	0	0	0	0	0	0	0	0	0	0	2	0	2	0	0	0
"tr|A0A0L0MJH4|A0A0L0MJH4_9MOLU"	"to_be_predicted"	130	0	0	0	0	0.21567	0	0	0	0	0	0	0	1	0	0	0	0	0	0	1	0	0	0	0	0	0	1	0	0
"tr|A0A0L0MJI0|A0A0L0MJI0_9MOLU"	"to_be_predicted"	156	0	0	0.19993	0.00031	0.49276	0	0	0	2	0	0	0	0	0	0	0	0	0	0	0	0	0	0	0	0	0	0	0	0
"tr|A0A0L0MJK2|A0A0L0MJK2_9MOLU"	"to_be_predicted"	149	0	0	1.23709	0.01105	0.75644	0	0	0	3	0	0	1	0	0	0	1	0	0	0	0	0	0	0	1	0	0	0	0	1
"tr|A0A0L0MJN1|A0A0L0MJN1_9MOLU"	"to_be_predicted"	449	0	0	0.08147	0.00772	0.00958	0	0	0	3	3	0	0	1	0	0	0	0	0	0	1	0	0	1	0	1	0	1	1	1
"tr|A0A0L0MJN5|A0A0L0MJN5_9MOLU"	"to_be_predicted"	603	0	0	0.41961	0.00125	0.00419	0	0	0	8	5	0	0	2	0	0	2	0	0	0	3	0	1	3	2	1	2	1	3	4
"tr|A0A0L0MJN9|A0A0L0MJN9_9MOLU"	"to_be_predicted"	443	0	0	1.97789	0.62637	0.07373	0	0	1	10	1	0	0	0	0	0	0	0	0	0	1	1	0	0	4	0	2	1	1	2
"tr|A0A0L0MJP4|A0A0L0MJP4_9MOLU"	"to_be_predicted"	614	0	0	0.03039	0.00016	0.00311	0	38	0	10	5	0	0	2	0	0	0	0	0	0	1	0	1	2	1	1	0	1	1	4
"tr|A0A0L0MJQ0|A0A0L0MJQ0_9MOLU"	"to_be_predicted"	842	0	0	0.0852	0.02273	0.00436	0	0	1	15	4	0	0	0	0	0	0	0	0	0	0	0	0	1	3	1	1	1	3	2
"tr|A0A0L0MJQ4|A0A0L0MJQ4_9MOLU"	"to_be_predicted"	287	0	0	0.05493	0.00648	0.06326	0	0	3	4	1	0	0	0	0	0	0	0	0	0	0	0	0	0	2	0	2	0	0	0
"tr|A0A0L0MJR6|A0A0L0MJR6_9MOLU"	"to_be_predicted"	316	0	0	0.01537	0.01378	0.04014	0	0	0	2	1	0	0	1	0	0	0	0	0	0	2	0	0	1	1	0	3	1	0	0
"tr|A0A0L0MJR8|A0A0L0MJR8_9MOLU"	"to_be_predicted"	436	0	0	0.00955	0.00144	0.01147	0	0	0	6	3	0	0	0	0	0	0	0	0	0	0	0	1	0	3	0	0	1	1	2
"tr|A0A0L0MJS0|A0A0L0MJS0_9MOLU"	"to_be_predicted"	326	0	0	0.09937	0.00119	0.01928	0	0	0	4	0	0	0	1	0	0	0	0	0	0	0	0	0	0	1	0	0	1	0	0
"tr|A0A0L0MJS5|A0A0L0MJS5_9MOLU"	"to_be_predicted"	138	0	0	1.25348	1.20759	0.52382	0	0	0	0	1	0	0	0	0	0	0	0	0	0	0	0	0	1	0	0	1	0	0	0
"tr|A0A0L0MJS6|A0A0L0MJS6_9MOLU"	"to_be_predicted"	546	0	0	0.01648	0.00505	0.00438	0	0	0	7	1	0	0	1	0	0	0	0	0	0	1	0	0	1	3	0	0	2	2	1
"tr|A0A0L0MJT0|A0A0L0MJT0_9MOLU"	"to_be_predicted"	456	0	0	0.01002	0.00616	0.00642	0	0	0	6	1	0	0	0	0	0	0	0	0	0	0	0	0	1	2	0	0	1	1	1
"tr|A0A0L0MJT3|A0A0L0MJT3_9MOLU"	"to_be_predicted"	292	0	0	0.01791	0.00147	0.19219	0	0	1	6	5	0	0	0	0	0	0	0	0	0	0	0	0	1	4	1	2	1	3	2
"tr|A0A0L0MJT8|A0A0L0MJT8_9MOLU"	"to_be_predicted"	897	0	0	0.427800000000001	0.00236	0.00313	0	0	0	15	4	0	0	3	0	0	0	0	0	0	2	0	0	4	3	0	2	3	0	4
"tr|A0A0L0MJU0|A0A0L0MJU0_9MOLU"	"to_be_predicted"	290	0	0	0.539209999999999	0.50896	0.02004	0	0	0	3	1	0	0	0	0	0	1	0	0	0	0	0	0	0	1	0	0	0	0	1
"tr|A0A0L0MJU3|A0A0L0MJU3_9MOLU"	"to_be_predicted"	582	0	0	13.17063	0.07704	0.56375	0	0	0	7	3	0	0	2	0	0	0	0	0	0	2	0	0	0	2	0	1	1	1	1
"tr|A0A0L0MJW6|A0A0L0MJW6_9MOLU"	"to_be_predicted"	215	0	0	0.00867	0.00549	0.22703	0	0	0	4	0	0	0	0	0	0	0	0	0	0	0	0	0	0	1	0	0	1	0	0
"tr|A0A0L0MJX5|A0A0L0MJX5_9MOLU"	"to_be_predicted"	225	0	0	3.00768	2.97985	0.05579	0	0	0	3	1	0	0	0	0	0	0	0	0	0	0	0	0	1	1	0	0	0	2	0
"tr|A0A0L0MJY9|A0A0L0MJY9_9MOLU"	"to_be_predicted"	215	0	0	0.14749	0.00117	0.14679	0	0	0	1	0	0	0	0	0	0	0	0	0	0	0	0	0	0	0	0	0	0	0	0
"tr|A0A0L0MJZ7|A0A0L0MJZ7_9MOLU"	"to_be_predicted"	345	0	0	17.36922	0.0004	0.73541	0	0	1	2	2	0	0	1	0	0	0	0	0	0	1	0	0	0	1	1	2	1	0	0
"tr|A0A0L0MK04|A0A0L0MK04_9MOLU"	"to_be_predicted"	84	0	0	0.00382	0.00382	0.65585	0	0	0	4	0	0	0	0	0	0	0	0	0	0	1	0	0	0	2	0	1	0	0	2
"tr|A0A0L0MK08|A0A0L0MK08_9MOLU"	"to_be_predicted"	191	0	0	0.00382	0.00285	0.16376	0	0	1	3	1	0	0	0	0	0	0	0	0	0	0	0	0	1	1	0	0	0	0	2
"tr|A0A0L0MK25|A0A0L0MK25_9MOLU"	"to_be_predicted"	69	0	0	0.00273	0.00273	0.53868	0	44	0	4	1	0	0	0	0	0	0	0	0	0	0	0	0	0	3	0	1	0	0	2
"tr|A0A0L0MK29|A0A0L0MK29_9MOLU"	"to_be_predicted"	543	0	0	2.35974	0	0.0109	0	0	0	5	3	0	0	0	0	0	0	0	0	0	0	0	1	1	2	0	1	2	1	0
"tr|A0A0L0MK37|A0A0L0MK37_9MOLU"	"to_be_predicted"	421	0	0	7.06801999999999	6.01579	0.30426	0	0	0	4	1	0	0	1	0	0	0	0	0	0	0	0	0	1	0	0	0	0	1	0
"tr|A0A0L0MK40|A0A0L0MK40_9MOLU"	"to_be_predicted"	365	0	0	0.01336	0	0.01374	0	0	1	0	1	0	0	0	0	0	0	0	0	0	0	0	1	0	0	0	1	0	0	0
"tr|A0A0L0MK46|A0A0L0MK46_9MOLU"	"to_be_predicted"	287	0	1	24.90727	2.23668	0.20583	0	0	0	8	3	0	0	1	0	0	1	0	0	0	1	0	0	1	6	2	1	0	4	5
"tr|A0A0L0MK50|A0A0L0MK50_9MOLU"	"to_be_predicted"	391	0	0	12.66296	0.00844	0.35789	0	0	0	5	0	0	0	0	0	0	0	0	0	0	0	0	0	0	0	0	0	0	0	0
"tr|A0A0L0MK55|A0A0L0MK55_9MOLU"	"to_be_predicted"	115	0	0	0.6556	0.6556	0.60906	0	25	0	4	0	0	0	1	0	0	0	0	0	0	0	0	0	0	1	0	0	1	0	0
"tr|A0A0L0MK59|A0A0L0MK59_9MOLU"	"to_be_predicted"	146	0	0	0	0	0.04095	0	44	0	3	0	0	0	0	0	0	0	0	0	0	0	0	0	0	1	0	1	0	0	1
"tr|A0A0L0MK61|A0A0L0MK61_9MOLU"	"to_be_predicted"	123	0	0	0.01661	0	0.07852	0	0	0	3	0	0	0	0	0	0	0	0	0	0	0	0	0	0	1	0	0	0	0	1
"tr|A0A0L0MK65|A0A0L0MK65_9MOLU"	"to_be_predicted"	619	0	0	1.2422	0.01677	0.0067	0	0	0	7	2	0	0	3	0	0	1	0	0	0	1	0	0	2	3	0	0	1	2	3
"tr|A0A0L0MK66|A0A0L0MK66_9MOLU"	"to_be_predicted"	89	0	0	0.00061	0.00061	0.46534	0	0	0	4	1	0	0	0	0	0	0	0	0	0	0	0	0	0	3	0	0	1	0	2
"tr|A0A0L0MK71|A0A0L0MK71_9MOLU"	"to_be_predicted"	94	0	0	0.00464	0.00433	0.45094	0	21	0	3	1	0	0	0	0	0	0	0	0	0	0	0	0	1	2	0	0	1	1	1
"tr|A0A0L0MK74|A0A0L0MK74_9MOLU"	"to_be_predicted"	212	0	0	0.07193	0.00329	0.08661	0	0	1	2	1	0	0	0	0	0	0	0	0	0	0	0	0	0	1	1	0	0	1	1
"tr|A0A0L0MK75|A0A0L0MK75_9MOLU"	"to_be_predicted"	682	0	0	0.03491	0.00496	0.00165	0	0	1	12	3	0	0	2	0	0	1	0	0	0	0	0	1	1	6	1	2	1	4	2
"tr|A0A0L0MK76|A0A0L0MK76_9MOLU"	"to_be_predicted"	108	0	0	0.07122	0.00017	0.44948	0	0	0	3	0	0	0	0	0	0	0	0	0	0	0	0	0	0	1	0	0	1	0	0
"tr|A0A0L0MK89|A0A0L0MK89_9MOLU"	"to_be_predicted"	371	0	0	1.89519	0	0.06813	0	0	0	1	4	0	0	0	0	0	0	0	0	0	0	0	0	2	1	1	0	2	0	2
"tr|A0A0L0MK93|A0A0L0MK93_9MOLU"	"to_be_predicted"	291	0	0	0.14887	0.00206	0.05433	0	0	0	3	0	0	0	1	0	0	0	0	0	0	2	0	0	0	1	0	0	2	1	0
"tr|A0A0L0MKA0|A0A0L0MKA0_9MOLU"	"to_be_predicted"	688	0	0	0.01544	0.00083	0.00044	0	0	0	10	1	0	0	1	0	0	0	0	0	0	0	1	1	0	2	0	1	0	1	2
"tr|A0A0L0MKA4|A0A0L0MKA4_9MOLU"	"to_be_predicted"	795	0	0	0.0274	0.00043	0.00035	0	0	1	9	2	0	0	3	0	0	1	0	0	0	0	0	2	0	5	0	2	3	0	3
"tr|A0A0L0MKB2|A0A0L0MKB2_9MOLU"	"to_be_predicted"	118	0	0	0.00119	0	0.49949	0	0	0	1	0	0	0	1	0	0	0	0	0	0	1	0	0	0	0	0	0	0	0	1
"tr|A0A0L0MKB5|A0A0L0MKB5_9MOLU"	"to_be_predicted"	475	0	0	0.471160000000001	0.45608	0.03907	0	0	2	4	1	0	0	0	0	0	1	0	0	0	0	0	0	1	2	0	1	1	0	1
"tr|A0A0L0MKB8|A0A0L0MKB8_9MOLU"	"to_be_predicted"	156	0	0	0.00065	0.00016	0.79213	0	0	0	4	0	0	0	0	0	0	1	0	0	0	0	0	0	0	3	0	1	0	1	1
"tr|A0A0L0MKC6|A0A0L0MKC6_9MOLU"	"to_be_predicted"	338	0	0	0.2365	0.00031	0.0582	0	0	0	5	6	0	0	1	0	0	1	0	0	0	1	2	1	1	3	1	1	4	1	3
"tr|A0A0L0MKD0|A0A0L0MKD0_9MOLU"	"to_be_predicted"	276	0	0	0.29687	0.19187	0.03151	0	0	1	2	0	0	0	1	0	0	1	0	0	0	0	0	0	0	2	0	0	0	0	2
"tr|A0A0L0MKD8|A0A0L0MKD8_9MOLU"	"to_be_predicted"	206	0	0	0.00598	0.00598	0.01481	0	0	0	1	0	0	0	0	0	0	1	0	0	0	0	0	0	0	0	0	0	0	0	0
"tr|A0A0L0MKD9|A0A0L0MKD9_9MOLU"	"to_be_predicted"	401	0	0	0.09537	0.004	0.03063	0	0	2	5	1	0	0	0	0	0	1	0	0	0	0	0	1	0	2	0	0	1	1	1
"tr|A0A0L0MKE0|A0A0L0MKE0_9MOLU"	"to_be_predicted"	128	0	0	2.09296	2.09296	0.76867	0	0	1	4	0	0	0	1	0	0	1	1	0	0	0	0	1	0	4	0	2	2	2	0
"tr|A0A0L0MKE7|A0A0L0MKE7_9MOLU"	"to_be_predicted"	176	0	0	0.34423	0.00046	0.31028	0	0	0	3	1	0	0	0	0	0	0	0	0	0	0	0	0	1	0	0	0	0	0	1
"tr|A0A0L0MKF0|A0A0L0MKF0_9MOLU"	"to_be_predicted"	179	0	0	0.13703	0.13348	0.59932	0	0	0	2	0	0	0	2	0	0	0	0	0	0	0	0	1	0	1	0	1	0	1	0
"tr|A0A0L0MKF1|A0A0L0MKF1_9MOLU"	"to_be_predicted"	177	0	0	0.04966	0.0469	0.29762	0	0	0	1	1	0	0	0	0	0	0	0	0	0	1	0	0	0	1	0	1	0	1	0
"tr|A0A0L0MKF3|A0A0L0MKF3_9MOLU"	"to_be_predicted"	140	0	0	0.25652	0.2527	0.49584	0	0	0	4	0	0	0	0	0	0	2	0	0	0	0	0	0	0	2	0	0	0	1	1
"tr|A0A0L0MKF7|A0A0L0MKF7_9MOLU"	"to_be_predicted"	98	0	0	0.11309	0.09423	0.19044	0	0	0	2	0	0	0	0	0	0	0	0	0	0	0	0	0	0	0	0	0	0	0	0
"tr|A0A0L0MKF8|A0A0L0MKF8_9MOLU"	"to_be_predicted"	117	0.623	0	0.00044	0.00015	0.12306	0	0	0	1	0	0	0	0	0	0	0	0	0	0	0	0	0	0	1	0	0	1	0	0
"tr|A0A0L0MKG1|A0A0L0MKG1_9MOLU"	"to_be_predicted"	117	0	0	0.00277	0.00277	0.11969	0	0	0	2	1	0	0	1	0	0	0	0	0	0	1	0	1	0	0	0	0	2	0	0
"tr|A0A0L0MKG3|A0A0L0MKG3_9MOLU"	"to_be_predicted"	1248	0	0	0.09831	0.08176	0.00466	0	0	1	15	3	0	0	3	0	0	0	0	0	0	0	0	0	2	5	0	4	2	0	1
"tr|A0A0L0MKG5|A0A0L0MKG5_9MOLU"	"to_be_predicted"	245	0	0	0.04394	0	0.05928	0	0	0	4	1	0	0	0	0	0	0	0	0	0	0	0	0	1	2	0	1	0	1	1
"tr|A0A0L0MKG8|A0A0L0MKG8_9MOLU"	"to_be_predicted"	207	0	0	0.0308	0	0.04924	0	33	0	3	1	0	0	0	0	0	0	0	0	0	0	1	0	0	0	0	1	0	0	0
"tr|A0A0L0MKH2|A0A0L0MKH2_9MOLU"	"to_be_predicted"	584	0	0	0.07847	0.00057	0.00565	0	0	1	8	4	0	0	2	0	0	1	0	0	0	1	0	0	2	2	1	0	3	3	1
"tr|A0A0L0MKJ2|A0A0L0MKJ2_9MOLU"	"to_be_predicted"	456	0	0	0.17931	0.15236	0.0278	0	0	0	7	3	0	0	3	0	0	0	0	0	0	0	0	1	2	1	0	1	1	1	1
"tr|A0A0L0MKJ8|A0A0L0MKJ8_9MOLU"	"to_be_predicted"	440	0	0	0.00105	0	0.01553	0	0	0	4	3	0	0	3	0	0	0	0	0	0	2	2	0	2	0	1	1	2	1	3
"tr|A0A0L0MKK4|A0A0L0MKK4_9MOLU"	"to_be_predicted"	105	0	0	0.00015	0	0.23811	0	0	0	0	0	0	0	0	0	0	1	0	0	0	0	0	0	0	0	0	0	0	0	0
"tr|A0A0L0MKS5|A0A0L0MKS5_9MOLU"	"to_be_predicted"	439	0	0	0.10005	0.05372	0.01022	0	0	0	3	1	0	0	0	0	0	0	0	0	0	0	0	0	0	1	0	1	0	0	0
"tr|A0A0L0MKS9|A0A0L0MKS9_9MOLU"	"to_be_predicted"	809	0	0	0.06858	0.00483	0.00218	0	0	0	12	5	0	0	3	0	0	0	0	0	0	3	0	1	3	3	2	4	3	3	3
"tr|A0A0L0MKT9|A0A0L0MKT9_9MOLU"	"to_be_predicted"	137	0	0	0.34641	0.34371	0.06831	0	0	0	2	0	0	0	0	0	0	0	0	0	0	0	0	0	0	1	0	0	0	0	1
"tr|A0A0L0MKV1|A0A0L0MKV1_9MOLU"	"to_be_predicted"	714	0	0	0.605929999999999	0.55742	0.02636	0	0	0	8	6	0	0	2	0	0	1	0	0	0	0	0	1	3	5	1	1	1	6	2
"tr|A0A0L0MKW5|A0A0L0MKW5_9MOLU"	"to_be_predicted"	760	0	0	0.0988	0.01488	0.0016	0	0	1	8	1	0	0	3	0	0	1	0	0	0	3	0	0	0	0	0	0	1	1	1
"tr|A0A0L0MKX6|A0A0L0MKX6_9MOLU"	"to_be_predicted"	217	0	0	0.03164	0.00051	0.00406	0	0	0	1	0	0	0	0	0	0	0	0	0	0	0	0	0	0	1	0	0	0	1	0
"tr|A0A0L0MKY9|A0A0L0MKY9_9MOLU"	"to_be_predicted"	167	0	0	0.18855	0.09242	0.07113	0	0	1	1	1	0	0	1	0	0	0	0	0	0	1	1	1	0	1	0	1	1	1	1
"tr|A0A0L0ML22|A0A0L0ML22_9MOLU"	"to_be_predicted"	70	0	0	0	0	0.3342	0	0	0	1	1	0	0	0	0	0	0	0	0	0	0	0	0	1	0	0	1	0	0	0
"tr|A0A0L0ML38|A0A0L0ML38_9MOLU"	"to_be_predicted"	394	0	0	0.14093	0.08153	0.03912	0	0	0	4	0	0	0	0	0	0	0	0	0	0	0	0	0	0	1	0	0	0	1	0
"tr|A0A0L0ML99|A0A0L0ML99_9MOLU"	"to_be_predicted"	276	0	0	0.00884	0	0.20861	0	79	0	5	0	0	0	0	0	0	0	0	0	0	0	0	0	0	2	0	1	0	0	1
"tr|A0A0L0MLA9|A0A0L0MLA9_9MOLU"	"to_be_predicted"	209	0	0	0.00766	0.00178	0.01721	0	0	0	3	0	0	0	0	0	0	0	0	0	0	0	0	0	0	2	0	0	1	1	0
"tr|A0A0L0MIE3|A0A0L0MIE3_9MOLU"	"to_be_predicted"	356	0	0	0.14079	0.00883	0.03112	0	0	0	6	0	0	0	2	0	0	0	0	0	0	2	0	0	0	4	0	0	0	3	3
"tr|A0A0L0MIE7|A0A0L0MIE7_9MOLU"	"to_be_predicted"	485	0	0	0.00172	0.00152	0.0041	0	0	2	8	6	0	0	3	0	0	0	0	0	0	2	0	1	4	1	1	2	1	2	4
"tr|A0A0L0MIF6|A0A0L0MIF6_9MOLU"	"to_be_predicted"	52	0.615	1	29.01091	29.01091	0.75376	1	0	1	2	0	0	0	0	0	0	0	0	0	0	0	0	0	0	1	0	0	1	0	0
"tr|A0A0L0MIG2|A0A0L0MIG2_9MOLU"	"to_be_predicted"	307	0	0	0.00103	0	0.05152	0	0	2	3	0	0	0	0	0	0	0	0	0	0	1	0	0	0	1	0	0	0	2	0
"tr|A0A0L0MIH6|A0A0L0MIH6_9MOLU"	"to_be_predicted"	130	0	0	1.34506	0.10419	0.42172	0	0	0	4	1	0	0	0	0	0	0	0	0	0	0	0	0	0	2	0	0	1	0	1
"tr|A0A0L0MII8|A0A0L0MII8_9MOLU"	"to_be_predicted"	285	0	1	27.57533	17.94996	0.8816	1	0	0	3	0	0	0	0	0	0	1	0	0	0	0	0	0	0	1	0	0	1	0	0
"tr|A0A0L0MIK0|A0A0L0MIK0_9MOLU"	"to_be_predicted"	297	0	0	0.922329999999999	0	0.04039	0	0	0	3	1	0	0	2	0	0	1	0	0	0	1	1	0	1	1	0	0	0	2	2
"tr|A0A0L0MIK5|A0A0L0MIK5_9MOLU"	"to_be_predicted"	715	0	0	0.00235	0.00198	0.00046	0	0	0	15	3	0	0	3	0	0	4	0	0	0	2	0	0	1	5	1	3	1	4	2
"tr|A0A0L0MIL6|A0A0L0MIL6_9MOLU"	"to_be_predicted"	97	0	0	0.0846	0.02457	0.09532	0	0	0	3	0	0	0	0	0	0	0	0	0	0	0	0	0	0	2	0	1	1	0	0
"tr|A0A0L0MIN6|A0A0L0MIN6_9MOLU"	"to_be_predicted"	365	0	0	0.21462	0.13336	0.02001	0	0	0	2	1	0	0	1	0	0	1	0	0	0	1	0	0	1	2	0	0	1	2	1
"tr|A0A0L0MIP1|A0A0L0MIP1_9MOLU"	"to_be_predicted"	239	0	0	0.02378	0.00185	0.07001	0	0	0	3	2	0	0	1	0	0	0	0	0	0	0	0	0	2	0	0	0	0	1	1
"tr|A0A0L0MIT3|A0A0L0MIT3_9MOLU"	"to_be_predicted"	320	0	0	0.901649999999998	0.00038	0.13794	0	0	0	5	0	0	0	3	0	0	0	0	0	0	0	1	1	0	3	0	2	0	1	2
"tr|A0A0L0MIT8|A0A0L0MIT8_9MOLU"	"to_be_predicted"	134	0	1	21.33202	20.80014	0.8518	1	0	0	2	0	0	0	0	0	0	0	0	0	0	0	0	0	0	0	0	0	0	0	0
"tr|A0A0L0MIV4|A0A0L0MIV4_9MOLU"	"to_be_predicted"	118	0	0	9.04209999999999	7.83852	0.77923	0	0	0	3	0	0	0	0	0	0	0	0	0	0	0	0	0	0	1	0	0	1	0	0
"tr|A0A0L0MIW6|A0A0L0MIW6_9MOLU"	"to_be_predicted"	236	0	0	1.21335	0.00099	0.04976	0	0	0	2	0	0	0	0	0	0	0	0	0	0	0	0	0	0	1	0	0	0	0	1
"tr|A0A0L0MIX6|A0A0L0MIX6_9MOLU"	"to_be_predicted"	149	0	0	2.37827	0.65786	0.28312	0	0	0	0	0	0	0	0	0	0	0	0	0	0	0	0	0	0	0	0	0	0	0	0
"tr|A0A0L0MIY8|A0A0L0MIY8_9MOLU"	"to_be_predicted"	411	0	0	0.837959999999999	0.73533	0.07337	0	0	0	8	1	0	0	2	0	0	1	0	0	0	1	0	0	1	2	0	2	1	0	1
"tr|A0A0L0MIZ3|A0A0L0MIZ3_9MOLU"	"to_be_predicted"	238	0	6	129.08703	23.17136	0.98348	1	0	0	1	1	0	0	0	0	0	0	0	0	0	0	0	1	0	0	0	0	0	1	0
"tr|A0A0L0MIZ7|A0A0L0MIZ7_9MOLU"	"to_be_predicted"	141	0	0	0.00035	0.00035	0.4916	0	0	0	2	0	0	0	1	0	0	0	0	0	0	0	0	0	0	1	0	0	1	0	0
"tr|A0A0L0MJ13|A0A0L0MJ13_9MOLU"	"to_be_predicted"	183	0	0	0.03251	0.02004	0.44805	0	0	0	1	1	0	0	0	0	0	1	0	0	0	0	0	0	1	0	0	1	0	0	0
"tr|A0A0L0MJ19|A0A0L0MJ19_9MOLU"	"to_be_predicted"	148	0	0	0.00065	0.00057	0.40599	0	0	0	3	0	0	0	0	0	0	0	0	0	0	0	0	0	0	2	0	0	0	2	0
"tr|A0A0L0MJ24|A0A0L0MJ24_9MOLU"	"to_be_predicted"	88	0	1	29.41865	20.88002	0.96061	1	0	1	2	0	0	0	0	0	0	1	0	0	0	0	0	0	0	0	0	0	0	0	0
"tr|A0A0L0MJ45|A0A0L0MJ45_9MOLU"	"to_be_predicted"	249	0	1	20.29226	20.28035	0.95825	1	0	1	3	1	0	0	0	0	0	0	0	0	0	1	0	0	0	2	0	2	1	0	0
"tr|A0A0L0MJ55|A0A0L0MJ55_9MOLU"	"to_be_predicted"	366	0	8	172.36645	41.40558	0.94923	1	0	0	3	0	0	0	1	0	0	0	0	0	0	0	0	0	0	1	0	0	0	1	0
"tr|A0A0L0MJ81|A0A0L0MJ81_9MOLU"	"to_be_predicted"	465	0	0	0.06363	0.00018	0.00257	0	0	0	8	2	0	0	1	0	0	1	0	0	0	0	1	0	1	3	0	1	1	2	1
"tr|A0A0L0MJ99|A0A0L0MJ99_9MOLU"	"to_be_predicted"	719	0.598	1	20.69124	20.69032	0.99657	1	0	0	9	9	0	0	2	0	0	2	0	0	0	1	0	1	5	3	2	7	2	2	1
"tr|A0A0L0MJA3|A0A0L0MJA3_9MOLU"	"to_be_predicted"	142	0	1	30.38483	30.16087	0.2957	1	0	0	2	1	0	0	0	0	0	0	0	0	0	0	0	0	1	0	0	0	0	0	1
"tr|A0A0L0MJA7|A0A0L0MJA7_9MOLU"	"to_be_predicted"	81	0	0	0	0	0.80433	0	0	0	0	1	0	0	0	0	0	0	0	0	0	0	0	0	1	0	0	0	0	0	1
"tr|A0A0L0MJB1|A0A0L0MJB1_9MOLU"	"to_be_predicted"	58	0	1	22.9625	22.9625	0.02159	1	0	0	0	0	0	0	0	0	0	0	0	0	0	0	0	0	0	0	0	0	0	0	0
"tr|A0A0L0MJC7|A0A0L0MJC7_9MOLU"	"to_be_predicted"	328	0	0	0.00946	0	0.00758	0	0	0	6	3	0	0	3	0	0	1	0	0	0	2	0	1	0	3	0	1	0	3	2
"tr|A0A0L0MJD9|A0A0L0MJD9_9MOLU"	"to_be_predicted"	330	0	8	195.00691	33.98332	0.99968	1	0	0	3	1	0	0	1	0	0	0	0	0	0	0	1	0	1	2	0	1	1	1	1
"tr|A0A0L0MJF6|A0A0L0MJF6_9MOLU"	"to_be_predicted"	386	0	2	45.15857	0.0001	0.01148	0	21	2	8	2	0	0	4	0	0	1	0	0	0	0	0	3	0	3	1	3	3	1	0
"tr|A0A0L0MJG1|A0A0L0MJG1_9MOLU"	"to_be_predicted"	423	0.601	1	16.0843699999999	16.06467	0.70725	1	0	0	4	5	0	0	0	0	0	1	0	0	0	0	0	0	1	3	1	2	1	1	2
"tr|A0A0L0MJG6|A0A0L0MJG6_9MOLU"	"to_be_predicted"	117	0.576	1	19.47124	19.46997	0.0652	1	0	0	0	0	0	0	1	0	0	0	0	0	0	0	0	0	0	0	0	0	0	0	0
"tr|A0A0L0MJH1|A0A0L0MJH1_9MOLU"	"to_be_predicted"	153	0	0	0	0	0.1189	0	0	0	1	2	0	0	0	0	0	0	0	0	0	0	0	0	2	0	0	0	1	0	1
"tr|A0A0L0MJH5|A0A0L0MJH5_9MOLU"	"to_be_predicted"	53	0	1	21.07008	21.07008	0.73696	1	0	0	0	0	0	0	0	0	0	0	0	0	0	0	0	0	0	0	0	0	0	0	0
"tr|A0A0L0MJI1|A0A0L0MJI1_9MOLU"	"to_be_predicted"	473	0	0	1.25849	0	0.01351	0	0	0	6	1	0	0	2	0	0	2	0	0	0	1	0	1	1	1	0	0	0	2	2
"tr|A0A0L0MJI5|A0A0L0MJI5_9MOLU"	"to_be_predicted"	87	0	0	0.14059	0.05811	0.24415	0	0	0	0	0	0	0	0	0	0	0	0	0	0	0	0	0	0	0	0	0	0	0	0
"tr|A0A0L0MJJ5|A0A0L0MJJ5_9MOLU"	"to_be_predicted"	78	0	0	0.03184	0.03153	0.11909	0	0	0	1	0	0	0	0	0	0	0	0	0	0	0	0	0	0	1	0	0	0	0	1
"tr|A0A0L0MJJ7|A0A0L0MJJ7_9MOLU"	"to_be_predicted"	220	0	0	2.87731	0.00016	0.06396	0	0	2	3	2	0	0	1	0	0	0	0	0	0	1	0	0	1	4	0	3	0	2	1
"tr|A0A0L0MJK1|A0A0L0MJK1_9MOLU"	"to_be_predicted"	192	0	0	16.21826	0.51928	0.47892	0	0	0	5	0	0	0	1	0	0	1	0	0	0	0	0	0	0	1	0	1	0	0	0
"tr|A0A0L0MJK6|A0A0L0MJK6_9MOLU"	"to_be_predicted"	324	0	0	0.14383	0.00243	0.11861	0	0	0	7	0	0	0	2	0	0	0	0	0	0	1	0	0	1	3	0	3	1	1	0
"tr|A0A0L0MJL1|A0A0L0MJL1_9MOLU"	"to_be_predicted"	396	0	0	0.22591	0.0002	0.04047	0	0	1	5	2	0	0	0	0	0	1	0	0	0	1	0	0	1	3	0	4	0	0	1
"tr|A0A0L0MJL4|A0A0L0MJL4_9MOLU"	"to_be_predicted"	136	0	0	0.01273	0.01141	0.12152	0	0	0	3	0	0	0	0	0	0	0	0	0	0	0	0	0	0	0	0	0	0	0	0
"tr|A0A0L0MJL6|A0A0L0MJL6_9MOLU"	"to_be_predicted"	102	0	0	0.17456	0.17285	0.49973	0	0	0	0	1	0	0	0	0	0	0	0	0	0	0	0	0	1	0	0	0	0	0	1
"tr|A0A0L0MJL8|A0A0L0MJL8_9MOLU"	"to_be_predicted"	1126	0	0	0.01578	0.01497	0.00082	0	0	1	11	3	0	0	0	0	0	1	0	0	0	0	0	0	0	1	0	0	0	0	1
"tr|A0A0L0MJM0|A0A0L0MJM0_9MOLU"	"to_be_predicted"	76	0	0	0.00019	0.00019	0.75744	0	0	0	1	1	0	0	0	0	0	0	0	0	0	0	0	0	0	1	1	2	0	0	0
"tr|A0A0L0MJM4|A0A0L0MJM4_9MOLU"	"to_be_predicted"	84	0	2	43.53219	24.05185	0.69501	1	0	0	0	0	0	0	0	0	0	0	0	0	0	0	0	0	0	0	0	0	0	0	0
"tr|A0A0L0MJM5|A0A0L0MJM5_9MOLU"	"to_be_predicted"	314	0	0	1.67525	0.00055	0.29104	0	0	0	4	2	0	0	1	0	0	0	0	0	0	1	0	0	3	0	0	0	0	4	0
"tr|A0A0L0MJM9|A0A0L0MJM9_9MOLU"	"to_be_predicted"	85	0	0	0.0003	0.0003	0.63929	0	0	0	3	0	0	0	0	0	0	0	0	0	0	0	0	0	0	1	0	1	0	0	0
"tr|A0A0L0MJN2|A0A0L0MJN2_9MOLU"	"to_be_predicted"	182	0	0	0.00479	0.00143	0.53699	0	0	0	3	0	0	0	1	0	0	0	0	0	0	0	1	0	0	1	0	2	0	0	0
"tr|A0A0L0MJN6|A0A0L0MJN6_9MOLU"	"to_be_predicted"	499	0	0	0.00288	0	0.01239	0	0	0	2	2	0	0	0	0	0	0	0	0	0	1	0	0	1	1	0	0	0	1	2
"tr|A0A0L0MJP0|A0A0L0MJP0_9MOLU"	"to_be_predicted"	204	0	0	0.01951	0.01951	0.09402	0	0	1	1	1	0	0	2	0	0	0	0	0	0	1	0	0	1	0	0	1	1	0	0
"tr|A0A0L0MJP5|A0A0L0MJP5_9MOLU"	"to_be_predicted"	85	0	0	0.00792	0.00792	0.54164	0	0	0	3	1	0	0	0	0	0	1	0	0	0	0	0	0	1	2	0	1	1	1	0
"tr|A0A0L0MJP9|A0A0L0MJP9_9MOLU"	"to_be_predicted"	228	0	7	147.31311	43.43249	0.16994	1	0	0	1	1	0	0	1	0	0	0	0	0	0	0	1	0	0	1	1	1	2	0	0
"tr|A0A0L0MJQ6|A0A0L0MJQ6_9MOLU"	"to_be_predicted"	53	0	0	0.00133	0.00133	0.47823	0	0	0	0	0	0	0	0	0	0	0	0	0	0	0	0	0	0	0	0	0	0	0	0
"tr|A0A0L0MJQ9|A0A0L0MJQ9_9MOLU"	"to_be_predicted"	487	0	0	0.00063	0.00058	0.00074	0	0	1	7	2	0	0	0	0	0	0	0	0	0	0	0	0	1	2	0	1	1	1	0
"tr|A0A0L0MJR0|A0A0L0MJR0_9MOLU"	"to_be_predicted"	183	0	1	22.30175	0.01313	0.69981	0	0	0	3	0	0	0	0	0	0	0	0	0	0	1	0	0	0	2	0	0	0	1	2
"tr|A0A0L0MJR1|A0A0L0MJR1_9MOLU"	"to_be_predicted"	206	0	6	128.26693	35.19582	0.98937	1	0	0	6	1	0	0	0	0	0	0	0	0	0	0	0	0	0	1	0	0	0	0	1
"tr|A0A0L0MJR3|A0A0L0MJR3_9MOLU"	"to_be_predicted"	171	0.755	1	20.85515	20.29343	0.91961	1	0	1	1	4	1	0	2	0	0	1	0	0	2	1	1	0	3	0	0	0	2	3	0
"tr|A0A0L0MJR7|A0A0L0MJR7_9MOLU"	"to_be_predicted"	128	0	0	0.46386	0.02705	0.12176	0	0	0	2	1	0	0	0	0	0	0	0	0	0	0	0	0	1	0	0	0	1	0	0
"tr|A0A0L0MJS2|A0A0L0MJS2_9MOLU"	"to_be_predicted"	148	0	0	0.254580000000001	0.03474	0.2566	0	0	0	2	0	0	0	0	0	0	1	0	0	0	0	0	0	0	1	0	0	1	0	0
"tr|A0A0L0MJS3|A0A0L0MJS3_9MOLU"	"to_be_predicted"	177	0	0	0.23151	0.09821	0.14304	0	0	1	4	0	0	0	0	0	0	1	0	0	0	0	0	0	0	3	0	1	1	0	1
"tr|A0A0L0MJS8|A0A0L0MJS8_9MOLU"	"to_be_predicted"	303	0	6	136.29629	23.51498	0.98514	1	0	0	3	1	0	0	1	0	0	0	0	0	0	0	0	1	1	0	0	0	0	1	1
"tr|A0A0L0MJT5|A0A0L0MJT5_9MOLU"	"to_be_predicted"	807	0	10	209.64636	0.00303	0.9938	0	0	1	9	2	0	0	2	0	0	0	0	0	0	1	0	0	2	3	0	1	4	3	0
"tr|A0A0L0MJT7|A0A0L0MJT7_9MOLU"	"to_be_predicted"	59	0	0	0	0	0.53288	0	0	0	1	1	0	0	0	0	0	0	0	0	0	0	0	0	0	0	0	0	0	0	0
"tr|A0A0L0MJU5|A0A0L0MJU5_9MOLU"	"to_be_predicted"	204	0	6	125.93635	33.95057	0.9858	1	0	1	3	1	0	0	1	0	0	0	0	0	0	1	0	0	0	0	0	0	0	0	1
"tr|A0A0L0MJU7|A0A0L0MJU7_9MOLU"	"to_be_predicted"	309	0	6	132.66355	21.03017	0.99389	1	0	0	2	0	0	0	1	0	0	0	0	0	0	1	1	0	0	1	0	0	0	0	3
"tr|A0A0L0MJU9|A0A0L0MJU9_9MOLU"	"to_be_predicted"	100	0	0	0.02178	0.00045	0.48021	0	0	0	1	1	0	0	0	0	0	0	0	0	0	0	0	0	0	2	0	0	0	0	2
"tr|A0A0L0MJV0|A0A0L0MJV0_9MOLU"	"to_be_predicted"	113	0.659	1	20.75799	20.74871	0.14265	1	0	0	1	0	0	0	0	0	0	0	0	0	0	0	0	0	0	1	0	0	0	1	0
"tr|A0A0L0MJV2|A0A0L0MJV2_9MOLU"	"to_be_predicted"	146	0	0	0.50276	0.00026	0.3166	0	0	0	0	0	0	0	0	0	0	0	0	0	0	0	0	0	0	0	0	0	0	0	0
"tr|A0A0L0MJV4|A0A0L0MJV4_9MOLU"	"to_be_predicted"	92	0	0	0.01023	0.01023	0.49821	0	0	0	2	0	0	0	1	0	0	0	0	0	0	0	0	1	0	1	0	0	1	0	1
"tr|A0A0L0MJV7|A0A0L0MJV7_9MOLU"	"to_be_predicted"	441	0	0	0.10794	0.09675	0.03557	0	0	0	8	2	0	0	1	0	0	0	0	0	0	1	0	1	1	1	0	0	4	0	0
"tr|A0A0L0MJV8|A0A0L0MJV8_9MOLU"	"to_be_predicted"	109	0	0	0.00307	0.00307	0.2484	0	0	0	1	2	0	0	0	0	0	0	0	0	0	0	0	2	0	0	0	1	0	1	0
"tr|A0A0L0MJW0|A0A0L0MJW0_9MOLU"	"to_be_predicted"	284	0	0	3.24376	0.00018	0.14731	0	0	0	1	0	0	0	0	0	0	1	0	0	0	0	0	0	0	0	0	0	0	0	0
"tr|A0A0L0MJW3|A0A0L0MJW3_9MOLU"	"to_be_predicted"	242	0	0	0.02791	0.00129	0.03204	0	0	1	4	0	0	1	0	0	0	0	0	0	0	0	0	0	0	1	0	0	1	0	0
"tr|A0A0L0MJW7|A0A0L0MJW7_9MOLU"	"to_be_predicted"	184	0	0	0.0016	0.00127	0.04166	0	0	0	1	0	0	0	1	0	0	0	0	0	0	0	0	0	0	1	0	1	0	0	0
"tr|A0A0L0MJW9|A0A0L0MJW9_9MOLU"	"to_be_predicted"	265	0.617	5	125.30629	22.41495	0.93707	1	0	0	2	0	0	0	1	0	0	0	0	0	0	0	0	0	1	1	0	1	0	0	1
"tr|A0A0L0MJX0|A0A0L0MJX0_9MOLU"	"to_be_predicted"	55	0	0	0	0	0.02439	0	0	0	0	0	0	0	0	0	0	0	0	0	0	0	0	0	0	0	0	0	0	0	0
"tr|A0A0L0MJX3|A0A0L0MJX3_9MOLU"	"to_be_predicted"	34	0	1	22.76505	22.76505	0.49945	1	0	0	0	0	0	0	0	0	0	0	0	0	0	1	0	0	0	0	0	0	0	1	0
"tr|A0A0L0MJX4|A0A0L0MJX4_9MOLU"	"to_be_predicted"	139	0	0	0.00031	0	0.42282	0	0	0	1	0	0	0	1	0	0	0	0	0	0	0	0	0	0	1	0	0	0	0	1
"tr|A0A0L0MJX8|A0A0L0MJX8_9MOLU"	"to_be_predicted"	264	0	0	1.37851	0.00144	0.15692	0	0	0	1	2	0	0	0	0	0	0	0	0	0	1	0	1	0	1	0	0	2	0	1
"tr|A0A0L0MJX9|A0A0L0MJX9_9MOLU"	"to_be_predicted"	233	0.648	5	116.444	36.9184	0.22457	1	0	0	2	1	0	0	1	0	0	0	0	0	0	0	0	0	0	1	0	0	0	1	0
"tr|A0A0L0MJY1|A0A0L0MJY1_9MOLU"	"to_be_predicted"	355	0	9	176.02639	28.93149	0.64831	1	0	0	5	0	0	0	0	0	0	0	0	0	0	0	0	0	0	1	0	0	0	1	0
"tr|A0A0L0MJY4|A0A0L0MJY4_9MOLU"	"to_be_predicted"	114	0	0	0.05672	0.00301	0.21833	0	0	0	1	0	0	0	0	0	0	0	0	0	0	0	0	0	0	1	0	0	0	1	0
"tr|A0A0L0MJY6|A0A0L0MJY6_9MOLU"	"to_be_predicted"	291	0	0	0.27586	0.11888	0.08121	0	0	0	2	1	0	0	0	0	0	0	0	0	0	0	1	0	0	1	0	1	1	0	0
"tr|A0A0L0MJZ0|A0A0L0MJZ0_9MOLU"	"to_be_predicted"	576	0.624	6	134.90007	30.62164	0.92317	1	0	0	4	0	0	0	1	0	0	0	0	0	0	2	0	0	0	1	0	0	0	2	1
"tr|A0A0L0MJZ1|A0A0L0MJZ1_9MOLU"	"to_be_predicted"	146	0	0	0.719039999999999	0.41832	0.41573	0	0	0	4	1	0	0	0	0	0	1	0	0	0	1	0	0	1	1	0	1	1	0	1
"tr|A0A0L0MJZ2|A0A0L0MJZ2_9MOLU"	"to_be_predicted"	253	0	0	0.00596	0.00061	0.03296	0	0	0	6	1	0	0	1	0	0	0	0	0	0	1	0	0	0	1	0	0	0	0	2
"tr|A0A0L0MJZ3|A0A0L0MJZ3_9MOLU"	"to_be_predicted"	133	0.877	1	18.35467	18.32425	0.94215	1	0	0	1	1	0	0	2	0	0	0	0	0	1	0	0	0	0	1	1	0	0	0	2
"tr|A0A0L0MK00|A0A0L0MK00_9MOLU"	"to_be_predicted"	279	0.619	6	133.12167	23.48886	0.99937	1	0	0	2	1	0	0	1	0	0	0	0	0	0	0	1	0	0	0	0	1	0	0	0
"tr|A0A0L0MK01|A0A0L0MK01_9MOLU"	"to_be_predicted"	449	0	0	0.14756	0.0006	0.05898	0	0	0	4	3	0	0	1	0	0	1	0	0	0	2	0	0	3	1	0	2	4	0	1
"tr|A0A0L0MK03|A0A0L0MK03_9MOLU"	"to_be_predicted"	743	0	0	1.75362	0.01068	0.00815	0	0	0	12	1	0	0	1	0	0	0	0	0	0	0	0	0	0	3	0	1	1	2	1
"tr|A0A0L0MK05|A0A0L0MK05_9MOLU"	"to_be_predicted"	520	0.571	7	136.75559	18.31612	0.05823	1	0	1	4	2	0	0	1	0	0	1	0	0	0	0	0	0	1	1	1	2	0	1	0
"tr|A0A0L0MK07|A0A0L0MK07_9MOLU"	"to_be_predicted"	275	0	7	152.68334	10.67155	0.99957	1	0	1	0	1	0	0	0	0	0	0	0	0	0	0	1	0	0	1	0	1	0	1	0
"tr|A0A0L0MK10|A0A0L0MK10_9MOLU"	"to_be_predicted"	221	0	0	2.05856	0	0.23858	0	0	0	1	1	0	0	1	0	0	0	0	0	0	0	1	0	0	0	1	0	0	2	0
"tr|A0A0L0MK12|A0A0L0MK12_9MOLU"	"to_be_predicted"	182	0	3	62.8526299999999	18.88301	0.05069	1	0	0	0	0	0	0	1	0	0	0	0	0	0	0	0	0	0	0	0	0	0	0	0
"tr|A0A0L0MK14|A0A0L0MK14_9MOLU"	"to_be_predicted"	61	0	0	1.39739	1.39739	0.18698	0	0	0	1	0	0	0	0	0	0	0	0	0	0	0	0	0	0	0	0	0	0	0	0
"tr|A0A0L0MK18|A0A0L0MK18_9MOLU"	"to_be_predicted"	185	0	0	0.19923	0.00097	0.22284	0	0	0	3	0	0	0	1	0	0	0	0	0	0	1	0	0	0	1	0	0	1	0	1
"tr|A0A0L0MK19|A0A0L0MK19_9MOLU"	"to_be_predicted"	351	0	0	0.13143	0.00015	0.23962	0	0	0	6	2	0	0	1	0	0	0	0	0	0	1	0	0	1	4	0	2	3	1	0
"tr|A0A0L0MK20|A0A0L0MK20_9MOLU"	"to_be_predicted"	64	0	0	0	0	0.69198	0	21	2	2	2	0	0	0	0	0	0	0	0	0	0	0	0	2	2	0	2	0	1	1
"tr|A0A0L0MK23|A0A0L0MK23_9MOLU"	"to_be_predicted"	403	0	0	0.24417	0.23973	0.01772	0	0	1	4	3	0	0	1	0	0	1	0	0	0	0	1	0	1	1	1	1	0	2	1
"tr|A0A0L0MK24|A0A0L0MK24_9MOLU"	"to_be_predicted"	303	0	0	0.06175	0	0.19265	0	0	1	3	1	0	0	0	0	0	2	0	0	0	0	0	0	1	1	0	1	0	0	1
"tr|A0A0L0MK27|A0A0L0MK27_9MOLU"	"to_be_predicted"	152	0	0	0.01549	0.01492	0.58115	0	0	0	1	0	0	0	0	0	0	0	0	0	0	0	0	0	0	1	0	0	1	0	0
"tr|A0A0L0MK28|A0A0L0MK28_9MOLU"	"to_be_predicted"	57	0	0	0.56661	0.56661	0.40093	0	0	0	1	0	0	0	0	0	0	0	0	0	0	0	0	0	0	1	0	0	0	1	0
"tr|A0A0L0MK30|A0A0L0MK30_9MOLU"	"to_be_predicted"	73	0.769	1	22.69419	22.69371	0.84597	1	0	1	1	0	0	0	0	0	0	0	0	0	0	0	0	0	0	1	0	0	1	0	0
"tr|A0A0L0MK33|A0A0L0MK33_9MOLU"	"to_be_predicted"	932	0	8	181.82887	2.97999	0.99818	0	0	2	10	2	0	0	2	0	0	1	0	0	0	1	0	0	1	5	1	2	3	2	2
"tr|A0A0L0MK34|A0A0L0MK34_9MOLU"	"to_be_predicted"	47	0	1	21.06248	21.06248	0.63247	1	0	0	0	0	0	0	0	0	0	0	0	0	0	0	0	0	0	0	0	0	0	0	0
"tr|A0A0L0MK35|A0A0L0MK35_9MOLU"	"to_be_predicted"	262	0.605	2	45.92373	44.92594	0.70254	1	0	0	5	0	0	0	0	0	0	0	0	0	0	0	0	0	0	1	0	0	0	1	0
"tr|A0A0L0MK39|A0A0L0MK39_9MOLU"	"to_be_predicted"	285	0	0	13.19111	0.00442	0.5854	0	0	1	2	0	0	0	0	0	0	2	0	0	0	0	0	0	0	0	0	0	0	0	0
"tr|A0A0L0MK42|A0A0L0MK42_9MOLU"	"to_be_predicted"	451	0	0	0.0138	0	0.00327	0	0	0	3	5	0	1	0	0	0	1	0	0	0	0	0	1	0	2	2	1	0	3	1
"tr|A0A0L0MK43|A0A0L0MK43_9MOLU"	"to_be_predicted"	239	0	5	111.95497	22.75158	0.0135	1	0	0	1	0	0	0	1	0	0	0	0	0	0	0	0	0	0	0	0	0	0	0	0
"tr|A0A0L0MK45|A0A0L0MK45_9MOLU"	"to_be_predicted"	375	0	0	4.2978	0.00038	0.11871	0	0	0	3	0	0	0	1	0	0	2	0	0	0	0	0	0	0	1	0	0	1	0	0
"tr|A0A0L0MK48|A0A0L0MK48_9MOLU"	"to_be_predicted"	112	0.872	1	20.81509	20.81509	0.90274	1	0	0	2	3	0	0	1	0	0	1	0	0	0	0	0	1	0	1	2	0	2	2	0
"tr|A0A0L0MK49|A0A0L0MK49_9MOLU"	"to_be_predicted"	281	0	0	0.34784	0.33896	0.04854	0	0	1	6	2	0	0	0	0	0	0	0	0	0	1	0	0	1	3	0	1	1	1	3
"tr|A0A0L0MK53|A0A0L0MK53_9MOLU"	"to_be_predicted"	326	0	0	0.728469999999999	0.03341	0.0493	0	0	0	4	0	0	0	0	0	0	0	0	0	0	0	0	0	0	2	0	0	0	1	1
"tr|A0A0L0MK54|A0A0L0MK54_9MOLU"	"to_be_predicted"	183	0	0	0.10121	0.09421	0.09043	0	0	0	4	5	0	0	0	0	0	1	0	0	0	0	0	0	4	3	0	3	2	1	1
"tr|A0A0L0MK57|A0A0L0MK57_9MOLU"	"to_be_predicted"	170	0	0	0.0084	0.00039	0.12813	0	0	0	1	1	0	0	0	0	0	0	0	0	0	0	0	0	0	2	0	1	0	1	0
"tr|A0A0L0MK60|A0A0L0MK60_9MOLU"	"to_be_predicted"	344	0	0	0.0005	0	0.00686	0	0	0	8	2	0	0	1	0	0	0	0	0	0	0	0	0	2	2	0	1	1	2	1
"tr|A0A0L0MK62|A0A0L0MK62_9MOLU"	"to_be_predicted"	60	0	0	0	0	0.38761	0	0	0	0	0	0	0	0	0	0	0	0	0	0	0	0	0	0	0	0	0	0	0	0
"tr|A0A0L0MK67|A0A0L0MK67_9MOLU"	"to_be_predicted"	149	0	0	0	0	0.39477	0	0	0	1	0	0	0	1	0	0	0	0	0	0	1	0	0	0	0	0	1	0	0	0
"tr|A0A0L0MK70|A0A0L0MK70_9MOLU"	"to_be_predicted"	114	0	2	45.51066	22.50721	0.99859	1	0	0	3	0	0	0	1	0	0	0	0	0	0	0	0	0	0	1	0	1	0	0	0
"tr|A0A0L0MK72|A0A0L0MK72_9MOLU"	"to_be_predicted"	146	0	0	0.0064	0.00507	0.5415	0	0	0	2	0	0	0	0	0	0	0	0	0	0	0	0	0	0	0	0	0	0	0	0
"tr|A0A0L0MK78|A0A0L0MK78_9MOLU"	"to_be_predicted"	205	0	0	0.22983	0.17706	0.22415	0	0	1	4	1	0	0	0	0	0	0	0	0	0	0	0	0	0	1	0	0	0	1	0
"tr|A0A0L0MK80|A0A0L0MK80_9MOLU"	"to_be_predicted"	213	0	0	3.56656	0.05072	0.52414	0	0	0	1	1	0	0	0	0	0	0	0	0	0	0	0	0	0	0	0	0	0	0	0
"tr|A0A0L0MK81|A0A0L0MK81_9MOLU"	"to_be_predicted"	263	0	0	0.00594	0.00023	0.02583	0	0	0	4	1	0	0	0	0	0	0	0	0	0	0	0	0	0	2	0	0	1	2	0
"tr|A0A0L0MK82|A0A0L0MK82_9MOLU"	"to_be_predicted"	329	0.576	1	19.82203	19.81139	0.9408	1	0	0	6	1	0	0	1	0	0	1	0	0	0	0	0	0	1	3	1	1	1	2	1
"tr|A0A0L0MK85|A0A0L0MK85_9MOLU"	"to_be_predicted"	253	0	0	0.05364	0.00011	0.03575	0	0	0	0	2	0	0	0	0	0	0	0	0	0	0	0	0	1	0	0	0	0	0	1
"tr|A0A0L0MK95|A0A0L0MK95_9MOLU"	"to_be_predicted"	47	0	0	14.25694	14.25694	0.44551	1	0	0	0	0	0	0	0	0	0	0	0	0	0	0	0	0	0	0	0	0	0	0	0
"tr|A0A0L0MK96|A0A0L0MK96_9MOLU"	"to_be_predicted"	166	0	4	79.75101	27.93178	0.99907	1	0	0	4	0	0	0	0	0	0	0	0	0	0	0	0	0	0	0	0	0	0	0	0
"tr|A0A0L0MKA6|A0A0L0MKA6_9MOLU"	"to_be_predicted"	84	0	1	21.33337	21.33337	0.03661	1	0	0	0	0	0	0	0	0	0	0	0	0	0	0	0	0	0	0	0	0	0	0	0
"tr|A0A0L0MKA8|A0A0L0MKA8_9MOLU"	"to_be_predicted"	169	0	0	0.73487	0.008	0.2247	0	0	0	3	0	0	0	0	0	0	0	0	0	0	0	0	0	0	1	0	0	1	0	0
"tr|A0A0L0MKB0|A0A0L0MKB0_9MOLU"	"to_be_predicted"	240	0	1	22.173	22.173	0.26276	1	0	1	1	0	0	0	1	0	0	1	0	0	0	0	0	0	0	1	0	0	0	1	0
"tr|A0A0L0MKB6|A0A0L0MKB6_9MOLU"	"to_be_predicted"	82	0	0	0.19049	0.11761	0.44641	0	0	0	2	1	0	0	0	0	0	0	0	0	0	0	0	0	0	1	0	1	0	0	0
"tr|A0A0L0MKC0|A0A0L0MKC0_9MOLU"	"to_be_predicted"	59	0	0	0	0	0.54359	0	33	0	0	1	0	0	0	0	0	0	0	0	0	0	0	1	0	0	0	0	0	0	1
"tr|A0A0L0MKC2|A0A0L0MKC2_9MOLU"	"to_be_predicted"	165	0.66	1	20.77205	20.77188	0.98215	1	0	0	2	0	0	0	1	0	0	1	0	0	0	0	0	0	0	0	0	0	0	0	0
"tr|A0A0L0MKC3|A0A0L0MKC3_9MOLU"	"to_be_predicted"	915	0	10	230.82611	0.19917	0.98565	0	0	0	5	1	0	0	1	0	0	1	0	0	0	0	0	0	0	0	0	0	0	0	0
"tr|A0A0L0MKC5|A0A0L0MKC5_9MOLU"	"to_be_predicted"	98	0	1	22.41646	22.41646	0.61222	1	26	0	0	0	0	0	0	0	0	0	0	0	0	0	0	0	0	0	0	0	0	0	0
"tr|A0A0L0MKC9|A0A0L0MKC9_9MOLU"	"to_be_predicted"	194	0	0	0.02962	0.01983	0.19472	0	0	0	4	1	0	0	0	0	0	0	0	0	0	0	0	1	0	2	0	1	1	1	0
"tr|A0A0L0MKD2|A0A0L0MKD2_9MOLU"	"to_be_predicted"	105	0	0	0.00062	0	0.30116	0	0	0	2	0	0	0	0	0	0	0	0	0	0	0	0	0	0	0	0	0	0	0	0
"tr|A0A0L0MKD3|A0A0L0MKD3_9MOLU"	"to_be_predicted"	318	0	0	0.02368	0.00266	0.01679	0	0	0	2	1	0	0	1	0	0	0	0	0	0	0	0	0	0	1	0	0	0	1	0
"tr|A0A0L0MKD6|A0A0L0MKD6_9MOLU"	"to_be_predicted"	98	0	0	0.07561	0.00711	0.43253	0	0	0	2	2	0	0	0	0	0	0	0	0	0	0	0	0	0	3	0	1	0	0	2
"tr|A0A0L0MKE2|A0A0L0MKE2_9MOLU"	"to_be_predicted"	211	0	0	0.19487	0	0.057	0	0	0	5	1	0	0	0	0	0	0	0	0	0	0	0	0	1	1	0	0	1	0	1
"tr|A0A0L0MKE3|A0A0L0MKE3_9MOLU"	"to_be_predicted"	72	0	0	0.00738	0.00738	0.8155	0	0	0	3	0	0	0	0	0	0	0	0	0	0	0	0	0	0	1	0	0	0	0	1
"tr|A0A0L0MKE5|A0A0L0MKE5_9MOLU"	"to_be_predicted"	73	0	1	32.56949	26.12064	0.44409	1	0	0	0	1	0	0	0	0	0	0	0	0	0	0	0	0	1	0	0	0	1	0	0
"tr|A0A0L0MKE6|A0A0L0MKE6_9MOLU"	"to_be_predicted"	533	0	0	6.02887999999998	5.75528	0.21714	0	0	1	4	4	0	0	0	0	0	0	0	0	0	0	0	0	0	3	0	0	0	1	2
"tr|A0A0L0MKF6|A0A0L0MKF6_9MOLU"	"to_be_predicted"	149	0	0	0.6004	0.5911	0.20607	0	0	0	2	0	0	0	1	0	0	0	0	0	0	0	0	0	0	1	0	0	1	0	0
"tr|A0A0L0MKG0|A0A0L0MKG0_9MOLU"	"to_be_predicted"	260	0	0	0.71434	0.00019	0.16801	0	0	0	6	1	0	0	0	0	0	1	0	0	0	1	0	0	1	3	0	2	0	3	0
"tr|A0A0L0MKG2|A0A0L0MKG2_9MOLU"	"to_be_predicted"	464	0	0	0.01151	0.01094	0.00707	0	0	0	4	1	0	0	0	0	0	0	0	0	0	1	0	1	0	2	0	0	1	3	0
"tr|A0A0L0MKG6|A0A0L0MKG6_9MOLU"	"to_be_predicted"	80	0	0	0.00129	0.00067	0.22466	0	0	0	1	0	0	0	0	0	0	0	0	0	0	0	0	0	0	0	0	0	0	0	0
"tr|A0A0L0MKG7|A0A0L0MKG7_9MOLU"	"to_be_predicted"	217	0	0	0.0185	0.00827	0.23233	0	0	1	2	0	0	0	0	0	0	0	0	0	0	0	0	0	0	0	0	0	0	0	0
"tr|A0A0L0MKH1|A0A0L0MKH1_9MOLU"	"to_be_predicted"	73	0	1	22.27994	22.27892	0.08661	1	0	0	1	0	0	0	0	0	0	0	0	0	0	0	0	0	0	0	0	0	0	0	0
"tr|A0A0L0MKH5|A0A0L0MKH5_9MOLU"	"to_be_predicted"	82	0	0	0.5651	0.27938	0.39652	0	0	0	1	1	0	0	0	0	0	0	0	0	0	0	0	0	1	0	0	0	0	0	1
"tr|A0A0L0MKH7|A0A0L0MKH7_9MOLU"	"to_be_predicted"	153	0	1	23.12783	22.91596	0.20577	1	0	0	3	0	0	0	0	0	0	0	0	0	0	0	0	0	0	1	0	0	0	1	0
"tr|A0A0L0MKI3|A0A0L0MKI3_9MOLU"	"to_be_predicted"	48	0	0	0.16273	0.16273	0.11292	0	0	0	1	0	0	0	1	0	0	0	0	0	0	0	0	0	0	1	0	0	1	0	0
"tr|A0A0L0MKI7|A0A0L0MKI7_9MOLU"	"to_be_predicted"	164	0	0	0.00443	0.00122	0.64707	0	0	1	3	0	0	0	0	0	0	1	0	0	0	0	0	0	0	1	0	1	0	0	0
"tr|A0A0L0MKK8|A0A0L0MKK8_9MOLU"	"to_be_predicted"	107	0	0	0.06576	0.00038	0.10486	0	0	1	2	0	0	0	0	0	0	0	0	0	0	0	0	0	0	2	0	0	1	1	0
"tr|A0A0L0MKL3|A0A0L0MKL3_9MOLU"	"to_be_predicted"	531	0.583	1	19.8066	19.80446	0.98781	1	0	0	10	1	0	0	0	0	0	0	0	0	0	1	0	0	0	2	1	0	0	3	1
"tr|A0A0L0MKL8|A0A0L0MKL8_9MOLU"	"to_be_predicted"	279	0	0	0.08079	0.00571	0.37108	0	0	2	3	0	0	0	0	0	0	0	0	0	0	0	0	0	0	1	0	1	0	0	0
"tr|A0A0L0MKQ6|A0A0L0MKQ6_9MOLU"	"to_be_predicted"	245	0	0	0.17036	0.15246	0.21176	0	0	1	2	1	0	0	1	0	0	0	0	0	0	1	0	1	0	1	0	1	1	1	0
"tr|A0A0L0MKR0|A0A0L0MKR0_9MOLU"	"to_be_predicted"	253	0	7	146.70933	21.57593	0.64491	1	0	0	3	0	0	0	0	0	0	0	0	0	0	0	0	0	0	0	0	0	0	0	0
"tr|A0A0L0MKR6|A0A0L0MKR6_9MOLU"	"to_be_predicted"	377	0.728	2	39.4000099999999	19.49339	0.98024	1	0	0	3	0	0	0	0	0	0	1	0	0	0	0	0	0	0	1	0	1	0	0	0
"tr|A0A0L0MKS0|A0A0L0MKS0_9MOLU"	"to_be_predicted"	525	0	6	126.89555	0.02629	0.87862	0	0	0	3	0	0	0	0	0	0	0	0	0	0	1	0	0	0	1	0	0	1	0	1
"tr|A0A0L0MKT3|A0A0L0MKT3_9MOLU"	"to_be_predicted"	52	0	2	36.98531	36.98531	0.9787	1	0	0	1	0	0	0	1	0	0	0	0	0	0	0	0	0	0	0	0	0	0	0	0
"tr|A0A0L0MKU3|A0A0L0MKU3_9MOLU"	"to_be_predicted"	592	0.604	5	116.83416	25.11943	0.98017	1	0	1	4	3	0	0	2	0	0	1	0	0	0	1	1	1	1	0	0	1	1	1	1
"tr|A0A0L0MKU7|A0A0L0MKU7_9MOLU"	"to_be_predicted"	66	0	0	0.00119	0.00119	0.58769	0	0	0	1	0	0	0	0	0	0	0	0	1	0	0	0	0	0	0	0	0	0	0	0
"tr|A0A0L0MKW2|A0A0L0MKW2_9MOLU"	"to_be_predicted"	353	0	0	0.29871	8E-05	0.0296	0	0	0	2	0	0	0	0	0	0	0	0	0	0	0	0	0	0	0	0	0	0	0	0
"tr|A0A0L0MKX1|A0A0L0MKX1_9MOLU"	"to_be_predicted"	68	0	1	22.59617	22.59617	0.04173	1	0	0	0	0	0	1	0	0	0	0	0	0	0	0	0	0	0	1	0	0	0	0	1
"tr|A0A0L0MKY0|A0A0L0MKY0_9MOLU"	"to_be_predicted"	65	0	0	0	0	0.15881	0	24	0	0	0	0	0	0	0	0	0	0	0	0	0	0	0	0	0	0	0	0	0	0
"tr|A0A0L0MKY4|A0A0L0MKY4_9MOLU"	"to_be_predicted"	35	0	0	0	0	0.39882	0	0	0	1	0	0	0	1	0	0	0	0	0	0	0	0	0	0	0	0	0	0	0	0
"tr|A0A0L0MKZ5|A0A0L0MKZ5_9MOLU"	"to_be_predicted"	470	0	0	0.738229999999998	0.07951	0.03583	0	0	0	8	3	0	0	0	0	0	0	0	0	0	0	0	0	1	4	0	0	2	0	3
"tr|A0A0L0ML04|A0A0L0ML04_9MOLU"	"to_be_predicted"	137	0	1	20.96406	20.96406	0.21778	1	0	0	2	0	0	0	0	0	0	0	0	0	0	1	0	0	0	0	0	0	0	0	1
"tr|A0A0L0ML08|A0A0L0ML08_9MOLU"	"to_be_predicted"	77	0	0	0.00137	0.0013	0.38359	0	0	0	2	0	0	0	0	0	0	0	0	0	0	0	0	0	0	1	0	0	0	1	0
"tr|A0A0L0ML10|A0A0L0ML10_9MOLU"	"to_be_predicted"	245	0	0	0.22326	0.06798	0.32941	0	0	1	3	1	0	0	0	0	0	0	0	0	0	0	0	0	0	2	0	0	0	1	1
"tr|A0A0L0ML15|A0A0L0ML15_9MOLU"	"to_be_predicted"	256	0	0	0.0164	0	0.0085	0	0	0	1	1	0	0	0	0	0	1	0	0	0	0	0	0	1	0	0	1	0	0	0
"tr|A0A0L0ML20|A0A0L0ML20_9MOLU"	"to_be_predicted"	188	0.588	2	43.53222	22.30484	0.89261	1	0	0	1	0	0	0	0	0	0	0	0	0	0	0	0	0	0	1	0	0	1	0	0
"tr|A0A0L0ML26|A0A0L0ML26_9MOLU"	"to_be_predicted"	150	0	0	0.00629	0	0.27114	0	0	0	3	1	0	0	0	0	0	0	0	0	0	0	1	0	0	0	0	0	0	0	1
"tr|A0A0L0ML29|A0A0L0ML29_9MOLU"	"to_be_predicted"	149	0	0	0.31113	0	0.28247	0	0	0	0	1	0	0	0	0	0	0	0	0	0	0	0	0	0	0	0	0	0	0	0
"tr|A0A0L0ML33|A0A0L0ML33_9MOLU"	"to_be_predicted"	146	0	1	21.5552	21.52445	0.90149	1	0	0	1	1	0	0	0	0	0	0	0	0	0	0	0	0	1	0	0	1	0	0	0
"tr|A0A0L0ML43|A0A0L0ML43_9MOLU"	"to_be_predicted"	395	0	0	0.00608	0.00168	0.0234	0	0	1	3	1	0	0	0	0	0	0	0	0	0	0	0	0	0	2	0	0	1	0	1
"tr|A0A0L0ML48|A0A0L0ML48_9MOLU"	"to_be_predicted"	65	0.638	0	10.93996	10.93996	0.25846	1	0	0	1	0	0	0	0	0	0	0	0	0	0	0	0	0	0	0	0	0	0	0	0
"tr|A0A0L0ML51|A0A0L0ML51_9MOLU"	"to_be_predicted"	113	0	0	0.00111	0.00083	0.44653	0	0	0	3	0	0	0	0	0	0	0	0	0	0	0	0	0	0	1	0	1	0	0	0
"tr|A0A0L0ML56|A0A0L0ML56_9MOLU"	"to_be_predicted"	116	0	0	0.06386	0.0551	0.67412	0	0	1	2	0	0	0	0	0	0	0	0	0	0	0	0	0	0	1	0	0	0	1	0
"tr|A0A0L0ML61|A0A0L0ML61_9MOLU"	"to_be_predicted"	49	0	0	0.10935	0.10935	0.37592	0	0	0	0	0	0	1	0	0	0	0	0	0	0	0	0	0	0	1	0	1	0	0	0
"tr|A0A0L0ML65|A0A0L0ML65_9MOLU"	"to_be_predicted"	297	0	1	22.68597	0	0.2586	0	0	0	5	1	0	0	0	0	0	0	0	0	0	0	0	0	1	1	0	1	1	0	0
"tr|A0A0L0ML67|A0A0L0ML67_9MOLU"	"to_be_predicted"	256	0	1	30.40309	22.82607	0.07608	1	0	1	5	1	0	0	0	0	0	0	0	0	0	0	0	0	1	2	0	0	0	3	1
"tr|A0A0L0ML70|A0A0L0ML70_9MOLU"	"to_be_predicted"	465	0	0	0.07208	0.05717	0.00534	0	0	0	6	3	0	0	2	0	0	0	0	0	0	1	0	0	5	4	0	3	5	1	2
"tr|A0A0L0ML74|A0A0L0ML74_9MOLU"	"to_be_predicted"	315	0	0	4.68927	0.00359	0.07808	0	0	0	4	0	0	0	1	0	0	0	0	0	0	1	0	0	0	3	0	0	2	2	0
"tr|A0A0L0ML77|A0A0L0ML77_9MOLU"	"to_be_predicted"	273	0	0	0.396700000000001	0.38001	0.01945	0	0	0	2	1	0	0	1	0	0	2	0	0	0	0	0	0	1	0	0	0	0	1	0
"tr|A0A0L0ML81|A0A0L0ML81_9MOLU"	"to_be_predicted"	38	0	0	0	0	0.93005	0	0	1	1	0	0	0	0	0	0	0	0	0	0	0	0	0	0	1	0	1	0	0	0
"tr|A0A0L0ML86|A0A0L0ML86_9MOLU"	"to_be_predicted"	64	0	0	0.0002	0.00019	0.61752	0	0	0	1	0	0	0	0	0	0	0	0	0	0	0	0	0	0	0	0	0	0	0	0
"tr|A0A0L0ML90|A0A0L0ML90_9MOLU"	"to_be_predicted"	89	0	0	0	0	0.77605	0	0	0	0	0	0	0	0	0	0	0	0	0	0	0	0	0	0	0	0	0	0	0	0
"tr|A0A0L0ML95|A0A0L0ML95_9MOLU"	"to_be_predicted"	78	0	0	0	0	0.77128	0	0	0	2	0	0	0	1	0	0	0	0	0	0	2	0	0	0	1	0	0	0	0	3
"tr|A0A0L0MLA3|A0A0L0MLA3_9MOLU"	"to_be_predicted"	165	0.639	1	20.26666	20.26666	0.25605	1	28	2	6	0	0	0	0	0	0	0	0	0	0	0	0	0	0	0	0	0	0	0	0
